,Unnamed: 0.1,Unnamed: 0,TIME_PERIOD,EU27_2020_price_Goods_services_consumed_agri_prod15,EU28_price_Goods_services_consumed_agri_prod15,FR_price_Goods_services_consumed_agri_prod15,EU27_2020_price_Goods_services_contributing_agri_prod15,EU28_price_Goods_services_contributing_agri_prod15,FR_price_Goods_services_contributing_agri_prod15,EU27_2020_price_Goods_services_contributing_agri_prod00,EU28_price_Goods_services_contributing_agri_prod00,FR_price_Goods_services_contributing_agri_prod00,EU27_2007_prod_bovine,EU27_2020_prod_bovine,EU28_prod_bovine,FR_prod_bovine,EU27_2007_prod_chicken,EU27_2020_prod_chicken,EU28_prod_chicken,FR_prod_chicken
0,0,0,2015-01-01,100.97,101.14,100.83,100.37,100.42,100.25,100.37,100.42,100.25,629.59,548.7,632.72,119.82,,,,73905.69
1,1,1,2015-02-01,100.7,100.86666666666666,100.81,100.02,100.08,100.09666666666666,100.02,100.08,100.09666666666666,572.29,503.87,575.24,106.52,,,,69263.6
2,2,2,2015-03-01,100.43,100.59333333333332,100.79,99.67,99.74,99.94333333333334,99.67,99.74,99.94333333333334,652.72,587.41,656.18,135.03,,,,74002.17
3,3,3,2015-04-01,100.16,100.32,100.77,99.32,99.4,99.79,99.32,99.4,99.79,606.63,529.07,609.77,117.65,,,,74878.53
4,4,4,2015-05-01,100.08,100.16,100.38333333333333,99.51666666666668,99.56333333333332,99.87333333333332,99.51666666666668,99.56333333333332,99.87333333333332,580.77,520.83,584.22,117.08,,,,80816.07
5,5,5,2015-06-01,100.0,100.0,99.99666666666668,99.71333333333332,99.72666666666667,99.95666666666668,99.71333333333332,99.72666666666667,99.95666666666668,617.94,558.05,621.59,121.89,,,,72651.45
6,6,6,2015-07-01,99.92,99.84,99.61,99.91,99.89,100.04,99.91,99.89,100.04,626.9,546.9,630.74,112.26,,,,78906.57
7,7,7,2015-08-01,99.6,99.46333333333334,99.33333333333331,100.07666666666668,100.03,100.0,100.07666666666668,100.03,100.0,607.92,546.73,611.86,125.23,,,,71906.75
8,8,8,2015-09-01,99.28,99.08666666666666,99.05666666666669,100.24333333333333,100.17,99.96,100.24333333333333,100.17,99.96,660.31,598.25,664.25,127.73,,,,73694.64
9,9,9,2015-10-01,98.96,98.71,98.78,100.41,100.31,99.92,100.41,100.31,99.92,676.47,590.07,680.13,120.85,,,,73647.41
10,10,10,2015-11-01,98.74,98.47333333333331,98.32333333333334,100.72666666666666,100.61333333333332,100.07333333333334,100.72666666666666,100.61333333333332,100.07333333333334,667.38,594.08,670.73,126.28,,,,62972.3
11,11,11,2015-12-01,98.52,98.23666666666666,97.86666666666666,101.04333333333334,100.91666666666669,100.22666666666666,101.04333333333334,100.91666666666669,100.22666666666666,643.98,577.98,647.73,122.43,,,,77079.0
12,12,12,2016-01-01,98.3,98.0,97.41,101.36,101.22,100.38,101.36,101.22,100.38,614.81,537.5,617.9,116.7,,,,62385.59
13,13,13,2016-02-01,97.87,97.63666666666668,97.08,101.04666666666668,100.92666666666666,100.10333333333332,101.04666666666668,100.92666666666666,100.10333333333332,620.42,548.81,623.72,116.72,,,,69144.78
14,14,14,2016-03-01,97.44,97.27333333333333,96.75,100.73333333333332,100.63333333333334,99.82666666666668,100.73333333333332,100.63333333333334,99.82666666666668,659.06,586.73,662.65,130.33,,,,75756.49
15,15,15,2016-04-01,97.01,96.91,96.42,100.42,100.34,99.55,100.42,100.34,99.55,629.66,556.24,633.11,118.74,,,,72361.79
16,16,16,2016-05-01,96.85333333333334,96.77333333333333,96.09333333333332,100.54,100.45666666666666,99.72,100.54,100.45666666666666,99.72,633.01,564.79,636.84,125.37,,,,70636.34
17,17,17,2016-06-01,96.69666666666669,96.63666666666668,95.76666666666668,100.66,100.57333333333334,99.89,100.66,100.57333333333334,99.89,638.98,568.54,642.66,121.93,,,,75449.07
18,18,18,2016-07-01,96.54,96.5,95.44,100.78,100.69,100.06,100.78,100.69,100.06,590.14,521.68,594.14,108.78,,,,71878.32
19,19,19,2016-08-01,96.49333333333334,96.51666666666668,95.59666666666666,100.89666666666666,100.79,100.18333333333334,100.89666666666666,100.79,100.18333333333334,658.35,590.98,662.58,127.54,,,,77091.18
20,20,20,2016-09-01,96.44666666666669,96.53333333333332,95.75333333333332,101.01333333333334,100.89,100.30666666666669,101.01333333333334,100.89,100.30666666666669,678.93,606.22,682.74,126.39,,,,66094.53
21,21,21,2016-10-01,96.4,96.55,95.91,101.13,100.99,100.43,101.13,100.99,100.43,668.79,593.5,672.49,121.89,,,,69813.81
22,22,22,2016-11-01,97.02666666666669,97.18,96.31666666666666,101.25,101.10666666666668,100.48,101.25,101.10666666666668,100.48,697.77,616.04,701.47,125.97,,,,62608.57
23,23,23,2016-12-01,97.65333333333334,97.81,96.72333333333331,101.37,101.22333333333331,100.53,101.37,101.22333333333331,100.53,665.67,597.32,669.72,123.78,,,,71806.8
24,24,24,2017-01-01,98.28,98.44,97.13,101.49,101.34,100.58,101.49,101.34,100.58,629.43,556.13,632.56,120.8,,,,74754.04
25,25,25,2017-02-01,97.8,97.97,96.72,101.35,101.16333333333334,100.69,101.35,101.16333333333334,100.69,592.82,524.91,595.84,108.34,,,,65860.0
26,26,26,2017-03-01,97.32,97.5,96.31,101.21,100.98666666666666,100.8,101.21,100.98666666666666,100.8,685.97,610.27,689.33,128.57,,,,72282.64
27,27,27,2017-04-01,96.84,97.03,95.9,101.07,100.81,100.91,101.07,100.81,100.91,581.07,515.52,584.26,112.46,,,,67848.45
28,28,28,2017-05-01,96.64666666666668,96.84,95.66,101.21333333333332,100.96,101.07,101.21333333333332,100.96,101.07,667.64,594.07,671.24,127.12,,,,74292.2
29,29,29,2017-06-01,96.45333333333332,96.65,95.42,101.35666666666668,101.11,101.23,101.35666666666668,101.11,101.23,638.86,569.1,642.46,119.83,,,,75628.72
30,30,30,2017-07-01,96.26,96.46,95.18,101.5,101.26,101.39,101.5,101.26,101.39,606.66,537.95,610.54,107.9,,,,72860.47
31,31,31,2017-08-01,96.42666666666668,96.63,95.39666666666668,101.65,101.40666666666668,101.60666666666668,101.65,101.40666666666668,101.60666666666668,657.07,586.1,660.89,124.03,,,,76525.57
32,32,32,2017-09-01,96.59333333333332,96.8,95.61333333333332,101.8,101.55333333333334,101.82333333333334,101.8,101.55333333333334,101.82333333333334,657.41,587.06,661.31,120.81,,,,62774.84
33,33,33,2017-10-01,96.76,96.97,95.83,101.95,101.7,102.04,101.95,101.7,102.04,691.44,613.82,695.14,127.32,,,,72716.08
34,34,34,2017-11-01,97.29666666666668,97.51,95.99666666666668,102.27333333333334,102.01333333333334,102.18333333333334,102.27333333333334,102.01333333333334,102.18333333333334,716.84,636.05,720.54,127.37,,,,64395.88
35,35,35,2017-12-01,97.83333333333334,98.05,96.16333333333333,102.59666666666666,102.32666666666668,102.32666666666668,102.59666666666666,102.32666666666668,102.32666666666668,635.42,567.13,638.72,117.62,,,,68611.1
36,36,36,2018-01-01,98.37,98.59,96.33,102.92,102.64,102.47,102.92,102.64,102.47,670.6,592.97,674.0,126.38,,,,76655.48
37,37,37,2018-02-01,98.29,98.54,96.42666666666666,102.53333333333332,102.33666666666667,102.39,102.53333333333332,102.33666666666667,102.39,595.91,526.13,598.82,111.53,,,,66711.08
38,38,38,2018-03-01,98.21,98.49,96.52333333333334,102.14666666666668,102.03333333333332,102.31,102.14666666666668,102.03333333333332,102.31,677.35,603.99,681.16,128.06,,,,75485.26
39,39,39,2018-04-01,98.13,98.44,96.62,101.76,101.73,102.23,101.76,101.73,102.23,624.9,553.76,628.44,119.41,,,,67466.76
40,40,40,2018-05-01,98.38,98.75666666666666,96.93,101.91,101.86666666666667,102.39,101.91,101.86666666666667,102.39,657.37,583.47,661.12,125.56,,,,72091.54
41,41,41,2018-06-01,98.63,99.07333333333334,97.24,102.06,102.00333333333332,102.55,102.06,102.00333333333332,102.55,633.78,565.0,637.53,117.64,,,,64133.02
42,42,42,2018-07-01,98.88,99.39,97.55,102.21,102.14,102.71,102.21,102.14,102.71,644.69,572.39,648.46,117.31,,,,70597.64
43,43,43,2018-08-01,99.33,99.84333333333332,98.06,102.27,102.18666666666668,103.02333333333333,102.27,102.18666666666668,103.02333333333333,668.79,599.32,672.59,122.86,,,,70023.11
44,44,44,2018-09-01,99.78,100.29666666666668,98.57,102.33,102.23333333333332,103.33666666666667,102.33,102.23333333333332,103.33666666666667,647.81,577.36,651.37,114.89,,,,61413.33
45,45,45,2018-10-01,100.23,100.75,99.08,102.39,102.28,103.65,102.39,102.28,103.65,737.76,655.63,741.76,134.31,,,,72910.35
46,46,46,2018-11-01,100.37333333333332,100.9,99.02666666666669,102.83666666666667,102.70666666666666,103.75,102.83666666666667,102.70666666666666,103.75,715.76,633.88,719.55,125.44,,,,60446.53
47,47,47,2018-12-01,100.51666666666668,101.05,98.97333333333331,103.28333333333332,103.13333333333334,103.85,103.28333333333332,103.13333333333334,103.85,613.19,545.09,616.89,116.61,,,,66357.25
48,48,48,2019-01-01,100.66,101.2,98.92,103.73,103.56,103.95,103.73,103.56,103.95,677.65,602.84,681.06,126.13,,,,76137.89
49,49,49,2019-02-01,100.10333333333332,100.66333333333334,98.61,103.35,103.18666666666668,103.65666666666668,103.35,103.18666666666668,103.65666666666668,594.53,523.98,597.8,107.16,,,,66123.74
50,50,50,2019-03-01,99.54666666666668,100.12666666666668,98.3,102.97,102.81333333333332,103.36333333333332,102.97,102.81333333333332,103.36333333333332,637.83,565.56,641.39,117.48,,,,67671.19
51,51,51,2019-04-01,98.99,99.59,97.99,102.59,102.44,103.07,102.59,102.44,103.07,644.5,577.21,648.35,126.07,,,,72843.97
52,52,52,2019-05-01,98.70666666666666,99.26,97.61333333333332,102.68,102.51,103.02666666666666,102.68,102.51,103.02666666666666,664.42,590.27,668.29,122.09,,,,72095.42
53,53,53,2019-06-01,98.42333333333332,98.93,97.23666666666666,102.77,102.58,102.98333333333332,102.77,102.58,102.98333333333332,583.34,514.76,586.67,109.57,,,,66968.93
54,54,54,2019-07-01,98.14,98.6,96.86,102.86,102.65,102.94,102.86,102.65,102.94,649.26,579.81,653.31,117.68,,,,73374.08
55,55,55,2019-08-01,97.96,98.38333333333333,96.78,102.89666666666666,102.67,102.98333333333332,102.89666666666666,102.67,102.98333333333332,630.92,561.71,634.9,116.27,,,,70486.1
56,56,56,2019-09-01,97.78,98.16666666666669,96.7,102.93333333333334,102.69,103.02666666666666,102.93333333333334,102.69,103.02666666666666,644.02,569.43,647.94,119.56,,,,65034.8
57,57,57,2019-10-01,97.6,97.95,96.62,102.97,102.71,103.07,102.97,102.71,103.07,725.66,643.31,729.71,130.32,,,,72086.95
58,58,58,2019-11-01,97.76,97.95,96.43333333333334,103.40333333333334,102.71,103.31,103.40333333333334,102.71,103.31,689.14,610.28,693.1,116.26,,,,57312.74
59,59,59,2019-12-01,97.92,97.95,96.24666666666668,103.83666666666666,102.71,103.55,103.83666666666666,102.71,103.55,635.68,568.82,639.86,119.88,,,,69906.32
60,60,60,2020-01-01,98.08,97.95,96.06,104.27,102.71,103.79,104.27,102.71,103.79,674.18,599.18,,122.42,,,,73524.95
61,61,61,2020-02-01,97.30333333333331,97.95,95.46666666666668,104.16,102.71,103.68666666666668,104.16,102.71,103.68666666666668,608.05,536.43,,108.38,,,,64468.81
62,62,62,2020-03-01,96.52666666666669,97.95,94.87333333333332,104.05,102.71,103.58333333333334,104.05,102.71,103.58333333333334,650.98,572.65,,119.04,,,,70202.45
63,63,63,2020-04-01,95.75,97.95,94.28,103.94,102.71,103.48,103.94,102.71,103.48,576.27,509.81,,119.94,,,,73793.75
64,64,64,2020-05-01,95.71333333333334,97.95,94.2,103.98333333333332,102.71,103.32666666666668,103.98333333333332,102.71,103.32666666666668,579.44,514.24,,111.04,,,,69314.64
65,65,65,2020-06-01,95.67666666666666,97.95,94.12,104.02666666666666,102.71,103.17333333333332,104.02666666666666,102.71,103.17333333333332,657.43,583.11,,126.53,,,,73472.02
66,66,66,2020-07-01,95.64,97.95,94.04,104.07,102.71,103.02,104.07,102.71,103.02,661.46,584.16,,120.85,,,,72990.34
67,67,67,2020-08-01,96.01333333333334,97.95,94.35,104.29666666666668,102.71,103.41,104.29666666666668,102.71,103.41,622.88,552.18,,115.5,,,,69578.09
68,68,68,2020-09-01,96.38666666666668,97.95,94.66,104.52333333333333,102.71,103.8,104.52333333333333,102.71,103.8,669.31,595.35,,122.77,,,,71926.48
69,69,69,2020-10-01,96.76,97.95,94.97,104.75,102.71,104.19,104.75,102.71,104.19,691.88,615.06,,123.63,,,,70638.27
70,70,70,2020-11-01,97.91333333333334,97.95,95.99666666666668,104.94333333333331,102.71,104.64666666666666,104.94333333333331,102.71,104.64666666666666,644.28,567.79,,117.28,,,,59982.82
71,71,71,2020-12-01,99.06666666666666,97.95,97.02333333333333,105.13666666666668,102.71,105.10333333333334,105.13666666666668,102.71,105.10333333333334,,592.33,,127.21,,,,72827.02
72,72,72,2021-01-01,100.22,97.95,98.05,105.33,102.71,105.56,105.33,102.71,105.56,,518.08,,113.56,,,,64372.48
73,73,73,2021-02-01,100.8,97.95,98.62333333333332,105.26,102.71,105.71,105.26,102.71,105.71,,514.6,,109.5,,,,62825.85
74,74,74,2021-03-01,101.38,97.95,99.19666666666666,105.19,102.71,105.86,105.19,102.71,105.86,,615.53,,131.87,,,,73979.8
75,75,75,2021-04-01,101.96,97.95,99.77,105.12,102.71,106.01,105.12,102.71,106.01,,550.33,,119.8,,,,70806.26
76,76,76,2021-05-01,102.92333333333332,97.95,100.54,105.57333333333334,102.71,106.83666666666667,105.57333333333334,102.71,106.83666666666667,,542.15,,116.77,,,,70400.38
77,77,77,2021-06-01,103.88666666666666,97.95,101.31,106.02666666666669,102.71,107.66333333333333,106.02666666666669,102.71,107.66333333333333,,566.1,,121.56,,,,75792.14
78,78,78,2021-07-01,104.85,97.95,102.08,106.48,102.71,108.49,106.48,102.71,108.49,,555.29,,113.07,,,,74225.8
79,79,79,2021-08-01,107.22333333333331,97.95,104.45666666666666,106.60333333333334,102.71,108.91666666666666,106.60333333333334,102.71,108.91666666666666,,567.5,,117.87,,,,69749.14
80,80,80,2021-09-01,109.59666666666666,97.95,106.83333333333331,106.72666666666666,102.71,109.34333333333332,106.72666666666666,102.71,109.34333333333332,,590.81,,120.45,,,,66146.46
81,81,81,2021-10-01,111.97,97.95,109.21,106.85,102.71,109.77,106.85,102.71,109.77,,576.96,,115.74,,,,63460.25
82,82,82,2000-01-01,,,,,,,,,,,,,134.82,,,,68679.0
83,83,83,2000-02-01,,,,,,,,,,,,,127.47,,,,70204.0
84,84,84,2000-03-01,,,,,,,,,,,,,144.23,,,,87880.0
85,85,85,2000-04-01,,,,,,,,,,,,,124.41,,,,72032.0
86,86,86,2000-05-01,,,,,,,,,,,,,144.02,,,,72065.0
87,87,87,2000-06-01,,,,,,,,,,,,,127.53,,,,82812.0
88,88,88,2000-07-01,,,,,,,,,,,,,123.43,,,,61311.0
89,89,89,2000-08-01,,,,,,,,,,,,,140.53,,,,70072.0
90,90,90,2000-09-01,,,,,,,,,,,,,133.22,,,,81828.0
91,91,91,2000-10-01,,,,,,,,,,,,,129.13,,,,65491.0
92,92,92,2000-11-01,,,,,,,,,,,,,87.18,,,,58667.0
93,93,93,2000-12-01,,,,,,,,,,,,,111.56,,,,84800.0
94,94,94,2001-01-01,,,,,,,,,,,,,114.21,,,,70510.0
95,95,95,2001-02-01,,,,,,,,,,,,,110.43,,,,72167.0
96,96,96,2001-03-01,,,,,,,,,,,,,123.31,,,,89786.0
97,97,97,2001-04-01,,,,,,,,,,,,,132.2,,,,72935.0
98,98,98,2001-05-01,,,,,,,,,,,,,132.47,,,,72871.0
99,99,99,2001-06-01,,,,,,,,,,,,,118.82,,,,84308.0
100,100,100,2001-07-01,,,,,,,,,,,,,125.2,,,,66476.0
101,101,101,2001-08-01,,,,,,,,,,,,,140.37,,,,71111.0
102,102,102,2001-09-01,,,,,,,,,,,,,130.81,,,,86560.0
103,103,103,2001-10-01,,,,,,,,,,,,,156.68,,,,67474.0
104,104,104,2001-11-01,,,,,,,,,,,,,147.45,,,,59382.0
105,105,105,2001-12-01,,,,,,,,,,,,,133.73,,,,82742.0
106,106,106,2002-01-01,,,,,,,,,,,,,149.34,,,,62043.0
107,107,107,2002-02-01,,,,,,,,,,,,,127.47,,,,69687.0
108,108,108,2002-03-01,,,,,,,,,,,,,135.59,,,,82800.0
109,109,109,2002-04-01,,,,,,,,,,,,,136.37,,,,64757.0
110,110,110,2002-05-01,,,,,,,,,,,,,139.47,,,,66671.0
111,111,111,2002-06-01,,,,,,,,,,,,,120.13,,,,79504.0
112,112,112,2002-07-01,,,,,,,,,,,,,137.34,,,,63465.0
113,113,113,2002-08-01,,,,,,,,,,,,,137.18,,,,64404.0
114,114,114,2002-09-01,,,,,,,,,,,,,138.43,,,,78242.0
115,115,115,2002-10-01,,,,,,,,,,,,,149.05,,,,61085.0
116,116,116,2002-11-01,,,,,,,,,,,,,131.89,,,,53092.0
117,117,117,2002-12-01,,,,,,,,,,,,,137.6,,,,77714.0
118,118,118,2003-01-01,,,,,,,,,,,,,144.65,,,,63350.0
119,119,119,2003-02-01,,,,,,,,,,,,,124.09,,,,66009.0
120,120,120,2003-03-01,,,,,,,,,,,,,136.33,,,,77558.0
121,121,121,2003-04-01,,,,,,,,,,,,,143.46,,,,65676.0
122,122,122,2003-05-01,,,,,,,,,,,,,134.92,,,,66157.0
123,123,123,2003-06-01,,,,,,,,,,,,,129.75,,,,80498.0
124,124,124,2003-07-01,,,,,,,,,,,,,135.78,,,,67616.0
125,125,125,2003-08-01,,,,,,,,,,,,,128.08,,,,66434.0
126,126,126,2003-09-01,,,,,,,,,,,,,144.29,,,,78172.0
127,127,127,2003-10-01,,,,,,,,,,,,,145.92,,,,64005.0
128,128,128,2003-11-01,,,,,,,,,,,,,125.85,,,,56041.0
129,129,129,2003-12-01,,,,,,,,,,,,,138.95,,,,78372.0
130,130,130,2004-01-01,,,,,,,,,,673.36,614.28,676.95,133.59,,,,64261.0
131,131,131,2004-02-01,,,,,,,,,,614.64,561.93,618.24,120.91,,,,65471.0
132,132,132,2004-03-01,,,,,,,,,,714.6,661.14,718.2,143.9,,,,76417.0
133,133,133,2004-04-01,,,,,,,,,,646.84,585.32,650.94,130.31,,,,61917.0
134,134,134,2004-05-01,,,,,,,,,,606.03,554.34,610.13,122.61,,,,62364.0
135,135,135,2004-06-01,,,,,,,,,,633.59,586.96,637.7,138.64,,,,72193.0
136,136,136,2004-07-01,,,,,,,,,,627.66,570.07,632.49,124.22,,,,59838.0
137,137,137,2004-08-01,,,,,,,,,,650.79,600.81,655.63,134.11,,,,59649.0
138,138,138,2004-09-01,,,,,,,,,,696.2,644.69,701.03,134.52,,,,72902.0
139,139,139,2004-10-01,,,,,,,,,,708.44,639.87,712.88,131.18,,,,56816.0
140,140,140,2004-11-01,,,,,,,,,,735.09,677.18,739.54,131.55,,,,52003.0
141,141,141,2004-12-01,,,,,,,,,,991.58,922.67,996.03,134.51,,,,89185.0
142,142,142,2005-01-01,,,,,,,,,,609.15,551.43,612.8,127.27,,,,59262.0
143,143,143,2005-02-01,,,,,,,,,,607.9,551.21,611.26,117.56,,,,60774.0
144,144,144,2005-03-01,,,,,,,,,,662.74,609.99,666.46,138.64,,,,78094.0
145,145,145,2005-04-01,,,,,,,,,,643.97,574.37,647.87,125.94,,,,65555.0
146,146,146,2005-05-01,,,,,,,,,,630.94,576.24,635.36,131.56,,,,64692.0
147,147,147,2005-06-01,,,,,,,,,,619.28,565.84,623.9,127.06,,,,77907.0
148,148,148,2005-07-01,,,,,,,,,,595.25,532.75,600.27,115.51,,,,62665.0
149,149,149,2005-08-01,,,,,,,,,,671.96,619.73,677.27,137.6,,,,60355.0
150,150,150,2005-09-01,,,,,,,,,,691.27,631.33,696.31,133.31,,,,75660.0
151,151,151,2005-10-01,,,,,,,,,,702.8,632.9,707.79,129.33,,,,61201.0
152,152,152,2005-11-01,,,,,,,,,,732.93,669.79,737.82,136.13,,,,52344.0
153,153,153,2005-12-01,,,,,,,,,,914.43,859.02,919.29,134.52,,,,72400.0
154,154,154,2006-01-01,,,,,,,,,,670.65,596.54,674.26,123.69,,,,57921.0
155,155,155,2006-02-01,,,,,,,,,,619.28,558.98,622.94,117.66,,,,53736.0
156,156,156,2006-03-01,,,,,,,,,,729.85,669.57,734.51,140.99,,,,54479.0
157,157,157,2006-04-01,,,,,,,,,,629.65,559.86,634.13,118.47,,,,45489.0
158,158,158,2006-05-01,,,,,,,,,,680.97,618.6,686.1,131.23,,,,52140.0
159,159,159,2006-06-01,,,,,,,,,,644.55,584.92,649.59,125.42,,,,71520.0
160,160,160,2006-07-01,,,,,,,,,,616.85,543.34,622.15,110.34,,,,56431.0
161,161,161,2006-08-01,,,,,,,,,,677.25,623.26,682.69,135.59,,,,59202.0
162,162,162,2006-09-01,,,,,,,,,,689.72,626.43,695.67,125.2,,,,70410.0
163,163,163,2006-10-01,,,,,,,,,,749.63,667.35,755.22,131.03,,,,58545.0
164,164,164,2006-11-01,,,,,,,,,,736.31,666.25,741.69,129.14,,,,52563.0
165,165,165,2006-12-01,,,,,,,,,,687.08,628.8,692.23,120.75,,,,70901.0
166,166,166,2007-01-01,,,,,,,,,,702.95,622.92,706.84,133.21,,,,57419.4
167,167,167,2007-02-01,,,,,,,,,,630.94,563.21,634.67,116.06,,,,58933.6
168,168,168,2007-03-01,,,,,,,,,,699.69,633.96,703.99,133.44,,,,75857.4
169,169,169,2007-04-01,,,,,,,,,,651.57,573.28,655.84,127.7,,,,63071.2
170,170,170,2007-05-01,,,,,,,,,,676.42,613.83,681.01,135.31,,,,63959.2
171,171,171,2007-06-01,,,,,,,,,,643.24,578.84,647.96,124.62,,,,77631.6
172,172,172,2007-07-01,,,,,,,,,,667.35,589.09,672.79,125.11,,,,60491.2
173,173,173,2007-08-01,,,,,,,,,,686.56,633.76,691.85,136.63,,,,58431.8
174,174,174,2007-09-01,,,,,,,,,,661.67,599.49,666.44,120.52,,,,72257.6
175,175,175,2007-10-01,,,,,,,,,,773.24,690.33,778.11,137.62,,,,59807.1
176,176,176,2007-11-01,,,,,,,,,,730.37,659.19,734.8,125.0,,,,53973.1
177,177,177,2007-12-01,,,,,,,,,,679.66,618.47,684.13,116.61,,,,75095.3
178,178,178,2008-01-01,,,,,,,,,,689.73,610.69,693.83,127.76,,,,58685.2
179,179,179,2008-02-01,,,,,,,,,,643.34,576.64,647.24,118.13,,,,60988.4
180,180,180,2008-03-01,,,,,,,,,,641.84,581.04,646.54,122.13,,,,79337.3
181,181,181,2008-04-01,,,,,,,,,,676.33,596.83,680.83,130.32,,,,64817.7
182,182,182,2008-05-01,,,,,,,,,,641.98,582.46,646.88,123.32,,,,63545.1
183,183,183,2008-06-01,,,,,,,,,,640.32,581.3,645.32,118.91,,,,77220.3
184,184,184,2008-07-01,,,,,,,,,,662.14,590.98,667.94,129.58,,,,60001.2
185,185,185,2008-08-01,,,,,,,,,,634.84,581.01,640.44,122.1,,,,59727.9
186,186,186,2008-09-01,,,,,,,,,,720.72,654.47,725.72,134.09,,,,73710.6
187,187,187,2008-10-01,,,,,,,,,,755.83,672.86,761.03,137.5,,,,58550.1
188,188,188,2008-11-01,,,,,,,,,,660.85,594.56,665.55,118.16,,,,53682.2
189,189,189,2008-12-01,,,,,,,,,,704.21,644.99,708.91,136.22,,,,73204.5
190,190,190,2009-01-01,,,,,,,,,,652.08,576.36,655.48,124.75,,,,58754.3
191,191,191,2009-02-01,,,,,,,,,,588.96,526.3,592.16,112.03,,,,59183.9
192,192,192,2009-03-01,,,,,,,,,,671.78,611.42,675.38,135.94,,,,79169.5
193,193,193,2009-04-01,,,,,,,,,,618.95,543.45,622.45,120.95,,,,64653.0
194,194,194,2009-05-01,,,,,,,,,,605.38,544.8,608.98,118.02,,,,66885.4
195,195,195,2009-06-01,,,,,,,,,,632.61,571.03,636.71,127.82,,,,78458.9
196,196,196,2009-07-01,,,,,,,,,,627.23,556.43,631.93,117.98,,,,64562.3
197,197,197,2009-08-01,,,,,,,,,,620.66,567.11,625.26,131.1,,,,62560.3
198,198,198,2009-09-01,,,,,,,,,,677.65,615.09,682.15,127.58,,,,78484.0
199,199,199,2009-10-01,,,,,,,,,,698.05,612.79,702.65,122.37,,,,59936.1
200,200,200,2009-11-01,,,,,,,,,,687.03,617.11,691.53,127.11,,,,56263.0
201,201,201,2009-12-01,,,,,,,,,,659.9,597.32,664.4,124.52,,,,87625.6
202,202,202,2010-01-01,,,,,,,,,,627.78,553.52,631.61,124.58,,,,58382.2
203,203,203,2010-02-01,,,,,,,,,,593.79,526.49,597.58,111.31,,,,59518.0
204,204,204,2010-03-01,,,,,,,,,,694.18,628.72,699.08,136.85,,,,75712.7
205,205,205,2010-04-01,,,,,,,,,,619.86,538.67,623.94,118.45,,,,62059.7
206,206,206,2010-05-01,,,,,,,,,,626.29,561.56,630.79,129.13,,,,63162.9
207,207,207,2010-06-01,,,,,,,,,,637.81,573.8,642.35,123.71,,,,73842.5
208,208,208,2010-07-01,,,,,,,,,,617.75,538.5,622.99,115.4,,,,61813.2
209,209,209,2010-08-01,,,,,,,,,,664.25,603.73,669.6,139.6,,,,59302.1
210,210,210,2010-09-01,,,,,,,,,,,,,131.29,,,,74431.4
211,211,211,2010-10-01,,,,,,,,,,703.37,612.43,708.17,121.75,,,,58933.3
212,212,212,2010-11-01,,,,,,,,,,,,,137.39,,,,55974.6
213,213,213,2010-12-01,,,,,,,,,,697.34,619.63,702.19,129.79,,,,75173.6
214,214,214,2011-01-01,,,,,,,,,,,,,135.41,,,,64156.6
215,215,215,2011-02-01,,,,,,,,,,615.95,544.85,619.63,121.07,,,,65777.4
216,216,216,2011-03-01,,,,,,,,,,686.48,616.82,690.77,140.79,,,,84597.4
217,217,217,2011-04-01,,,,,,,,,,617.63,535.73,621.95,122.13,,,,68103.9
218,218,218,2011-05-01,,,,,,,,,,671.49,602.23,675.99,148.15,,,,69497.8
219,219,219,2011-06-01,,,,,,,,,,622.57,555.11,627.33,124.33,,,,82054.2
220,220,220,2011-07-01,,,,,,,,,,612.77,535.22,617.95,122.11,,,,65954.4
221,221,221,2011-08-01,,,,,,,,,,664.42,601.65,669.84,137.24,,,,66238.6
222,222,222,2011-09-01,,,,,,,,,,667.5,597.06,672.07,122.72,,,,78427.9
223,223,223,2011-10-01,,,,,,,,,,687.5,598.56,691.75,127.64,,,,64589.3
224,224,224,2011-11-01,,,,,,,,,,699.59,626.88,703.88,134.61,,,,59513.8
225,225,225,2011-12-01,,,,,,,,,,632.1,572.59,636.67,120.86,,,,79958.0
226,226,226,2012-01-01,,,,,,,,,,637.82,556.7,641.11,132.45,,,,66074.5
227,227,227,2012-02-01,,,,,,,,,,593.14,526.62,596.63,117.63,,,,66385.4
228,228,228,2012-03-01,,,,,,,,,,634.64,570.05,638.29,125.97,,,,82095.6
229,229,229,2012-04-01,,,,,,,,,,601.58,520.95,605.1,124.22,,,,69279.6
230,230,230,2012-05-01,,,,,,,,,,633.52,568.28,637.35,131.56,,,,71296.8
231,231,231,2012-06-01,,,,,,,,,,586.63,526.67,590.56,116.03,,,,83715.1
232,232,232,2012-07-01,,,,,,,,,,615.7,538.43,620.06,121.4,,,,66711.5
233,233,233,2012-08-01,,,,,,,,,,616.39,557.54,620.86,119.88,,,,65830.6
234,234,234,2012-09-01,,,,,,,,,,621.66,556.79,625.67,123.33,,,,81387.7
235,235,235,2012-10-01,,,,,,,,,,712.73,625.24,717.05,126.35,,,,70936.6
236,236,236,2012-11-01,,,,,,,,,,673.57,603.47,677.62,121.6,,,,62844.5
237,237,237,2012-12-01,,,,,,,,,,605.38,546.21,609.24,117.26,,,,85810.5
238,238,238,2013-01-01,,,,,,,,,,638.28,559.33,641.63,127.95,,,,70400.45
239,239,239,2013-02-01,,,,,,,,,,551.52,486.49,555.07,107.29,,,,68935.57
240,240,240,2013-03-01,,,,,,,,,,578.72,518.89,582.79,114.37,,,,87443.17
241,241,241,2013-04-01,,,,,,,,,,611.14,531.74,614.91,121.02,,,,68793.19
242,242,242,2013-05-01,,,,,,,,,,590.57,529.54,594.24,118.97,,,,72498.0
243,243,243,2013-06-01,,,,,,,,,,555.16,494.46,559.13,112.09,,,,89561.4
244,244,244,2013-07-01,,,,,,,,,,605.66,533.73,610.1,118.94,,,,71724.88
245,245,245,2013-08-01,,,,,,,,,,564.86,511.32,568.95,108.95,,,,67173.76
246,246,246,2013-09-01,,,,,,,,,,629.2,566.71,633.37,123.57,,,,84195.2
247,247,247,2013-10-01,,,,,,,,,,677.3,593.49,681.36,120.77,,,,63404.72
248,248,248,2013-11-01,,,,,,,,,,624.12,556.93,628.17,112.49,,,,55667.31
249,249,249,2013-12-01,,,,,,,,,,594.16,537.67,598.24,118.09,,,,80102.28
250,250,250,2014-01-01,,,,,,,,,,628.61,550.04,632.16,121.88,,,,66459.64
251,251,251,2014-02-01,,,,,,,,,,553.48,486.83,556.72,106.34,,,,66346.57
252,252,252,2014-03-01,,,,,,,,,,590.55,524.85,594.0,122.07,,,,88331.2
253,253,253,2014-04-01,,,,,,,,,,596.88,518.16,600.55,115.92,,,,71282.13
254,254,254,2014-05-01,,,,,,,,,,,,,115.58,,,,71761.73
255,255,255,2014-06-01,,,,,,,,,,578.43,514.71,582.23,119.55,,,,84745.84
256,256,256,2014-07-01,,,,,,,,,,602.36,528.13,606.32,114.76,,,,66326.97
257,257,257,2014-08-01,,,,,,,,,,570.98,511.34,574.96,114.67,,,,65045.97
258,258,258,2014-09-01,,,,,,,,,,638.03,574.03,641.98,123.4,,,,82200.16
259,259,259,2014-10-01,,,,,,,,,,688.47,601.01,692.19,123.38,,,,62528.59
260,260,260,2014-11-01,,,,,,,,,,618.05,547.71,621.48,119.74,,,,59775.35
261,261,261,2014-12-01,,,,,,,,,,630.05,570.57,633.92,121.86,,,,71545.0
262,262,262,2021-11-01,,,,,,,,,,,618.07,,123.13,,,,61889.48
263,263,263,2021-12-01,,,,,,,,,,,586.48,,121.01,,,,68366.67
