,Steak hache,Pains et cereales : pates superieures,Emmental francais,Huile de tournesol,Beurre extra-fin (250g),Oignon,Tomate,Sucre,Lait,Escalope,Pomme,Orange,Banane,Patate,Salade,Carotte,Champignon,Concombre,Courgette,Yaourts nature (500 g),Poisson,Baguette, Panier Mensuel Moyen ,IPC,IPP,Prod céréales,Prod graines(huile),Prod légumes,Prod fruits,FR_prod_bovine,FR_prod_chicken
0,16.744,5.84,3.232,0.84,1.1175,0.98,1.967,0.399,0.462,18.09,0.945,1.141,1.51,0.84,1.91,0.615,2.526,0.0,2.036,5.84,9.144,6.75,82.93,83.85,85.7,105.6188646066798,207.36712849683863,213.48675770431785,162.57236950776345,149.34,62043.0
1,16.744,5.84,3.24,0.85,1.1175,0.994,2.03,0.399,0.462,17.84,0.965,1.225,1.64,0.882,1.83,0.61,2.532,0.0,1.496,5.84,8.598,6.75,81.88,83.64,85.6,102.43870042263171,202.93346758358834,191.3119620975557,155.54327430440847,127.47,69687.0
2,16.629,5.84,3.224,0.855,1.11,0.987,2.597,0.399,0.462,17.96,0.995,1.267,1.81,0.875,1.55,0.63,2.532,1.54,0.984,5.84,7.902,6.775,82.76,83.68,86.0,99.25853623858359,198.49980667033805,169.13716649079356,148.51417910105346,135.59,82800.0
3,16.79,5.92,3.248,0.855,1.1175,1.008,2.807,0.399,0.462,18.11,1.03,1.295,1.82,1.099,1.24,0.695,2.532,1.07,0.748,5.84,8.022,6.775,82.88,83.76,86.4,96.07837205453549,194.06614575708775,146.96237088403143,141.48508389769847,136.37,64757.0
4,16.721,5.92,3.256,0.865,1.125,1.092,2.24,0.402,0.462,17.8,1.095,1.33,1.77,1.197,1.06,0.69,2.538,0.835,0.668,5.92,9.348,6.775,83.11,83.99,86.3,98.4354349203594,195.61525619665713,146.81743757941206,130.60765724222736,139.47,66671.0
5,16.652,6.0,3.284,0.87,1.125,1.169,1.603,0.402,0.462,18.12,1.15,1.393,1.71,1.085,0.98,0.595,2.574,0.785,0.604,5.92,9.15,6.775,82.41,83.97,86.1,100.79249778618328,197.16436663622648,146.67250427479271,119.73023058675624,120.13,79504.0
6,16.606,6.0,3.284,0.88,1.1325,1.218,1.61,0.405,0.462,18.18,1.18,1.365,1.48,0.952,0.98,0.5,2.538,0.905,0.56,5.92,8.952,6.825,81.93,83.51,86.3,103.14956065200717,198.71347707579588,146.52757097017334,108.85280393128511,137.34,63465.0
7,16.606,6.0,3.288,0.89,1.14,1.204,1.547,0.408,0.462,18.26,1.21,1.288,1.45,0.833,0.99,0.46,2.592,0.78,0.668,5.92,8.628,6.875,81.5,83.09,86.5,102.88766477802675,205.444094847718,143.19410496392805,116.39239208236978,137.18,64404.0
8,16.629,6.0,3.276,0.895,1.1325,1.148,1.554,0.411,0.462,18.11,1.115,1.253,1.55,0.812,1.13,0.44,2.58,1.02,0.652,5.92,8.586,6.9,81.58,83.2,86.7,102.6257689040463,212.17471261964013,139.86063895768277,123.93198023345447,138.43,78242.0
9,16.629,6.0,3.292,0.9,1.1325,1.113,2.03,0.411,0.469,18.05,0.98,1.239,1.44,0.0,1.18,0.42,2.544,0.0,0.704,5.92,8.544,6.925,79.92,83.42,86.8,102.36387303006588,218.90533039156225,136.52717295143748,131.47156838453913,149.05,61085.0
10,16.537,6.0,3.308,0.9,1.1325,1.064,1.841,0.411,0.462,18.29,0.955,1.26,1.39,0.0,1.14,0.415,2.55,0.0,0.744,5.92,8.874,6.95,80.14,83.45,86.4,100.30611973450534,214.364834275583,158.26716864434155,137.12625949785266,131.89,53092.0
11,16.491,6.0,3.3,0.905,1.14,1.036,1.743,0.414,0.462,18.24,0.96,1.176,1.41,0.0,1.16,0.415,2.58,0.0,1.096,5.92,8.742,6.95,80.14,83.56,86.8,98.2483664389448,209.82433815960383,180.0071643372456,142.78095061116616,137.6,77714.0
12,16.514,5.92,3.308,0.905,1.14,1.008,1.645,0.414,0.462,18.02,0.97,1.211,1.62,0.896,1.48,0.525,2.604,0.0,1.38,5.84,9.648,6.95,82.46,84.31,87.1,96.19061314338427,205.28384204362462,201.74716003014964,148.43564172447967,144.65,63350.0
13,16.56,6.0,3.332,0.905,1.14,1.001,1.743,0.414,0.462,18.04,0.98,1.239,1.67,0.777,1.73,0.53,2.622,0.0,1.692,5.84,8.64,6.975,82.29,84.67,87.7,96.04095835825258,204.48257802315769,181.98791950037685,153.50130251348972,124.09,66009.0
14,16.56,6.0,3.344,0.895,1.14,0.987,1.939,0.414,0.462,18.05,1.005,1.274,1.71,0.833,1.89,0.53,2.604,1.49,1.432,5.84,8.454,7.025,83.88,85.04,87.9,95.89130357312092,203.68131400269078,162.22867897060405,158.56696330249972,136.33,77558.0
15,16.629,6.0,3.352,0.89,1.14,1.001,2.177,0.414,0.462,18.17,1.03,1.302,1.74,1.176,1.58,0.55,2.598,1.1,1.116,5.84,9.06,7.025,84.35,85.36,87.0,95.74164878798923,202.88004998222385,142.46943844083125,163.63262409150974,143.46,65676.0
16,16.537,6.0,3.344,0.89,1.1475,1.064,1.764,0.417,0.462,18.36,1.075,1.344,1.62,1.211,1.17,0.625,2.616,0.935,0.668,5.84,9.618,7.05,83.76,85.35,86.4,101.98973606723668,196.6301906225819,154.93370263809626,162.96505639063247,134.92,66157.0
17,16.399,6.08,3.34,0.89,1.1475,1.176,1.799,0.42,0.469,18.16,1.14,1.393,1.62,1.05,1.03,0.56,2.622,0.97,0.548,5.84,8.874,7.05,82.58,86.06,86.5,108.23782334648412,190.38033126293993,167.39796683536125,162.29748868975514,129.75,80498.0
18,16.491,6.08,3.344,0.89,1.1475,1.225,1.61,0.42,0.469,18.42,1.145,1.379,1.51,0.917,1.1,0.535,2.622,0.87,0.608,5.84,8.844,7.075,82.54,85.74,86.6,114.48591062573156,184.13047190329797,179.86223103262623,161.62992098887787,135.78,67616.0
19,16.606,6.08,3.348,0.885,1.1475,1.246,1.61,0.42,0.462,18.41,1.145,1.358,1.44,0.868,1.44,0.535,2.652,1.205,0.592,5.84,8.646,7.1,83.04,85.6,86.8,121.93123618603241,190.8610896752201,176.3838317217616,158.841844120508,128.08,66434.0
20,16.583,6.08,3.332,0.88,1.1475,1.19,2.282,0.42,0.469,18.14,1.13,1.344,1.43,0.742,1.64,0.605,2.67,1.175,1.092,5.84,9.156,7.2,84.55,86.26,86.7,129.37656174633327,197.5917074471422,172.90543241089694,156.05376725213816,144.29,78172.0
21,16.813,6.08,3.332,0.88,1.155,1.176,2.604,0.423,0.469,18.35,1.08,1.323,1.43,0.0,1.24,0.625,2.67,0.0,0.74,5.92,9.426,7.225,82.96,85.92,86.8,136.8218873066341,204.3223252190643,169.4270331000323,153.2656903837683,145.92,64005.0
22,16.974,6.08,3.34,0.875,1.1475,1.155,1.862,0.42,0.469,18.37,1.075,1.337,1.4,0.0,1.25,0.62,2.646,0.0,0.888,5.84,9.096,7.25,82.09,85.82,87.0,136.89671469919995,207.1534580913808,164.9341006568321,156.9962157710237,125.85,56041.0
23,17.043,6.08,3.332,0.87,1.1475,1.148,1.722,0.423,0.469,18.47,1.075,1.239,1.47,0.0,1.33,0.59,2.664,0.0,0.944,5.92,8.94,7.275,82.15,85.56,86.8,136.97154209176574,209.9845909636972,160.44116821363195,160.7267411582792,138.95,78372.0
24,17.733,6.08,3.328,0.87,1.155,1.148,1.722,0.423,0.469,18.47,1.1,1.246,1.5,0.854,1.58,0.58,2.658,0.0,0.864,5.84,10.068,7.3,84.99,86.07,87.1,137.0463694843316,212.8157238360137,155.94823577043175,164.45726654553462,133.59,64261.0
25,18.124,6.08,3.324,0.87,1.1475,1.141,1.589,0.426,0.469,18.73,1.1,1.267,1.52,0.896,1.31,0.57,2.664,0.0,0.788,5.84,8.82,7.325,84.0,85.72,87.1,132.0703478787034,211.80078941008892,150.7306368041348,165.7924019472892,120.91,65471.0
26,17.917,6.08,3.324,0.87,1.1475,1.134,1.911,0.429,0.469,18.75,1.115,1.323,1.56,1.05,1.28,0.585,2.658,1.29,0.8,5.84,9.528,7.325,86.39,86.26,87.8,127.09432627307518,210.78585498416413,145.51303783783783,167.1275373490438,143.9,76417.0
27,17.802,6.08,3.3,0.87,1.1475,1.148,1.897,0.432,0.469,18.67,1.13,1.372,1.62,1.302,1.21,0.61,2.658,1.175,0.944,5.84,10.176,7.325,87.18,86.64,88.2,122.11830466744699,209.77092055823937,140.29543887154085,168.46267275079836,130.31,61917.0
28,17.825,6.0,3.328,0.87,1.1475,1.183,1.743,0.429,0.469,18.79,1.165,1.393,1.58,1.288,1.08,0.61,2.664,1.095,0.808,5.84,10.026,7.325,86.66,86.87,88.7,114.9348749811266,194.22639856118116,135.51263981910196,152.59812268289102,122.61,62364.0
29,17.94,6.0,3.328,0.87,1.1475,1.204,1.498,0.432,0.469,18.94,1.195,1.414,1.61,1.148,1.03,0.57,2.652,0.93,0.656,5.84,9.366,7.325,85.56,87.27,88.7,107.75144529480617,178.68187656412292,130.72984076666307,136.73357261498364,138.64,72193.0
30,17.848,6.0,3.32,0.87,1.1475,1.218,1.267,0.432,0.469,19.05,1.23,1.449,1.58,1.071,0.97,0.51,2.646,0.795,0.668,5.84,9.894,7.35,85.62,86.4,89.1,100.56801560848575,163.13735456706468,125.94704171422418,120.8690225470763,124.22,59838.0
31,17.963,6.0,3.32,0.855,1.1475,1.211,1.05,0.432,0.469,19.08,1.33,1.449,1.47,0.966,0.97,0.485,2.658,0.865,0.548,5.84,9.588,7.4,85.1,85.13,89.5,98.58508970549106,165.54114662846544,134.88459549908475,128.99764102246448,134.11,59649.0
32,18.078,5.92,3.308,0.86,1.14,1.183,1.225,0.429,0.462,19.12,1.26,1.421,1.38,0.84,1.15,0.475,2.646,0.85,0.696,5.76,10.206,7.425,85.83,85.25,89.5,96.60216380249636,167.9449386898662,143.82214928394527,137.12625949785266,134.52,72902.0
33,18.147,5.92,3.304,0.845,1.14,1.106,1.491,0.426,0.462,19.04,1.05,1.407,1.43,0.0,1.16,0.465,2.64,0.0,0.612,5.76,10.278,7.425,84.11,85.26,90.0,94.61923789950167,170.34873075126697,152.75970306880586,145.25487797324084,131.18,56816.0
34,18.515,5.92,3.296,0.83,1.14,1.092,1.617,0.426,0.462,19.27,1.005,1.337,1.4,0.0,1.29,0.46,2.64,0.0,0.684,5.76,9.888,7.45,84.48,85.43,89.7,92.0751065522632,164.15228899298947,162.56685668138257,144.94072846694561,131.55,52003.0
35,18.607,5.84,3.312,0.825,1.14,1.064,1.967,0.426,0.462,19.29,1.025,1.232,1.61,0.0,1.49,0.45,2.646,0.0,0.912,5.76,9.264,7.45,84.77,85.64,89.5,89.53097520502472,157.95584723471194,172.3740102939593,144.62657896065045,134.51,89185.0
36,18.653,5.84,3.284,0.825,1.14,1.022,2.058,0.423,0.462,19.25,1.025,1.211,1.63,0.805,1.5,0.45,2.682,0.0,1.304,5.76,11.85,7.425,88.6,85.64,89.6,69.047797731569,59.0941297631308,86.72954800149422,103.98445966670076,127.27,59262.0
37,18.952,5.84,3.292,0.82,1.14,1.036,2.177,0.423,0.462,19.14,1.015,1.267,1.78,0.854,1.71,0.465,2.664,0.0,1.84,5.76,9.54,7.45,87.63,86.09,89.4,68.38736925015753,58.93553038105047,86.03847590586477,102.4729577752786,117.56,60774.0
38,19.113,5.84,3.296,0.82,1.14,1.015,2.177,0.426,0.462,19.19,1.03,1.386,1.82,0.91,2.07,0.5,2.628,1.665,1.404,5.76,9.822,7.475,89.95,86.83,90.5,67.72694076874608,58.77693099897014,85.34740381023533,100.96145588385647,138.64,78094.0
39,19.09,5.84,3.276,0.815,1.14,1.015,2.1,0.426,0.462,19.31,1.045,1.435,1.85,1.26,1.76,0.54,2.652,1.22,0.78,5.68,10.134,7.475,89.31,86.51,90.7,67.0665122873346,58.61833161688981,84.65633171460591,99.44995399243432,125.94,65555.0
40,19.32,5.84,3.3,0.815,1.14,1.05,2.317,0.426,0.462,19.31,1.095,1.414,1.93,1.288,1.22,0.605,2.634,1.145,0.64,5.68,10.32,7.475,89.43,86.85,90.5,69.21290485192188,59.53820803295572,81.34494458971487,94.09099274102851,131.56,64692.0
41,19.343,5.84,3.292,0.82,1.14,1.043,1.764,0.429,0.455,19.31,1.115,1.421,2.03,1.071,1.06,0.645,2.628,0.955,0.684,5.68,10.242,7.475,88.44,86.65,91.3,71.35929741650914,60.45808444902163,78.0335574648238,88.73203148962274,127.06,77907.0
42,19.527,5.84,3.308,0.825,1.14,1.141,1.575,0.429,0.455,19.42,1.11,1.407,1.87,0.945,1.04,0.61,2.61,0.945,0.62,5.68,9.84,7.475,87.81,86.01,91.5,73.50568998109641,61.377960865087545,74.72217033993276,83.37307023821695,115.51,62665.0
43,20.148,5.84,3.316,0.83,1.14,1.211,1.421,0.429,0.455,19.52,1.08,1.337,1.65,0.826,1.15,0.55,2.628,0.84,0.66,5.68,9.78,7.5,87.99,85.41,91.9,73.60475425330813,61.726879505664265,72.56257004109078,84.40363970964114,137.6,60355.0
44,20.493,5.84,3.308,0.83,1.14,1.169,1.456,0.429,0.455,19.47,1.05,1.302,1.72,0.84,1.18,0.52,2.622,0.835,0.704,5.68,10.152,7.55,88.75,85.45,92.3,73.70381852551985,62.07579814624099,70.40296974224879,85.43420918106534,133.31,75660.0
45,20.723,5.84,3.312,0.835,1.14,1.134,1.477,0.429,0.455,19.37,0.95,1.26,1.69,0.0,1.15,0.495,2.61,0.0,0.712,5.68,10.266,7.575,87.1,85.6,92.5,73.80288279773157,62.42471678681771,68.2433694434068,86.46477865248953,129.33,61201.0
46,20.631,5.84,3.3,0.84,1.1325,1.127,1.554,0.429,0.455,19.46,0.935,1.302,1.68,0.0,1.13,0.475,2.58,0.0,0.724,5.68,10.428,7.575,87.28,85.89,91.8,73.2745400126024,61.40968074150361,75.18288507035238,88.73203148962274,136.13,52344.0
47,20.562,5.84,3.288,0.845,1.1325,1.071,1.449,0.429,0.462,19.53,0.96,1.302,1.74,0.0,1.35,0.475,2.622,0.0,0.952,5.68,10.128,7.575,87.39,86.22,92.0,72.74619722747322,60.394644696189495,82.12240069729798,90.99928432675596,134.52,72400.0
48,20.631,5.84,3.292,0.855,1.1325,1.071,1.582,0.42,0.462,19.76,0.97,1.316,1.73,0.987,1.67,0.48,2.664,0.0,1.16,5.6,10.716,7.575,89.91,86.59,92.6,72.21785444234405,59.37960865087539,89.06191632424355,93.26653716388917,123.69,57921.0
49,20.677,5.84,3.296,0.865,1.1325,1.092,1.61,0.423,0.462,19.81,0.965,1.351,1.76,0.945,1.77,0.5,2.628,0.0,1.2,5.6,9.342,7.6,88.87,87.0,92.6,72.31691871455577,60.58496395468589,87.79495081558959,96.25518863101932,117.66,53736.0
50,20.516,5.76,3.292,0.875,1.1325,1.043,1.729,0.417,0.462,20.06,0.985,1.351,1.77,0.952,1.53,0.53,2.64,1.49,0.852,5.6,9.672,7.6,90.26,87.11,93.3,72.41598298676749,61.7903192584964,86.52798530693565,99.24384009814948,140.99,54479.0
51,20.562,5.76,3.292,0.875,1.1325,1.106,2.044,0.414,0.462,20.1,1.01,1.372,1.72,1.155,1.24,0.585,2.64,1.055,0.752,5.52,10.656,7.625,91.08,87.3,94.0,72.51504725897921,62.99567456230691,85.26101979828167,102.23249156527963,118.47,45489.0
52,20.47,5.68,3.292,0.88,1.1325,1.099,2.24,0.414,0.462,20.28,1.08,1.33,1.69,1.344,1.24,0.62,2.646,0.955,0.672,5.52,10.944,7.625,91.62,87.88,94.2,76.34553245116572,64.6768280123584,85.60655584609637,102.43860545956447,131.23,52140.0
53,20.493,5.68,3.308,0.88,1.1325,1.155,1.75,0.411,0.462,20.27,1.135,1.337,1.69,1.218,1.25,0.62,2.658,0.955,0.676,5.52,10.464,7.625,90.69,87.87,94.4,80.17601764335224,66.3579814624099,85.9520918939111,102.6447193538493,125.42,71520.0
54,20.7,5.68,3.312,0.875,1.1325,1.204,1.701,0.414,0.462,20.5,1.16,1.344,1.63,1.127,1.23,0.595,2.664,0.97,0.568,5.44,10.242,7.65,90.6,87.66,95.2,84.00650283553875,68.03913491246138,86.29762794172582,102.85083324813414,110.34,56431.0
55,20.608,5.68,3.308,0.88,1.1325,1.274,1.491,0.414,0.462,20.62,1.235,1.351,1.54,1.064,1.45,0.56,2.658,1.01,0.66,5.44,10.512,7.65,91.0,87.28,95.5,89.25690926275992,69.43480947476829,83.44695554725439,100.92710356814231,135.59,59202.0
56,20.447,5.6,3.3,0.875,1.1325,1.253,1.841,0.411,0.462,20.43,1.22,1.365,1.52,0.868,1.53,0.575,2.718,0.985,0.792,5.44,10.56,7.725,91.05,87.6,94.8,94.5073156899811,70.8304840370752,80.59628315278297,99.00337388815049,125.2,70410.0
57,20.769,5.68,3.296,0.88,1.1325,1.26,1.799,0.411,0.462,20.47,1.08,1.386,1.47,0.0,1.33,0.56,2.676,0.0,0.704,5.44,10.458,7.75,89.01,87.33,94.6,99.75772211720228,72.22615859938209,77.74561075831154,97.07964420815868,131.03,58545.0
58,20.631,5.68,3.304,0.88,1.1325,1.281,1.617,0.414,0.462,20.58,1.05,1.33,1.54,0.0,1.33,0.545,2.664,0.0,0.996,5.44,10.944,7.775,89.6,87.87,94.4,99.09729363579079,71.8455200823893,76.5074399203088,98.8316123095798,129.14,52563.0
59,20.7,5.68,3.308,0.885,1.1325,1.274,1.561,0.414,0.462,20.63,1.065,1.267,1.57,0.0,1.29,0.54,2.676,0.0,1.024,5.44,11.514,7.8,90.23,87.71,94.2,98.43686515437935,71.46488156539651,75.26926908230607,100.58358041100091,120.75,70901.0
60,20.033,5.68,3.304,0.875,1.14,1.26,1.946,0.411,0.462,20.69,1.055,1.295,1.6,1.085,1.54,0.545,2.706,0.0,0.916,5.36,12.618,7.825,92.35,87.98,94.3,97.77643667296786,71.08424304840372,74.03109824430334,102.33554851242204,133.21,57419.4
61,19.987,5.6,3.308,0.87,1.1325,1.26,1.932,0.411,0.462,20.44,1.06,1.316,1.63,1.176,1.33,0.55,2.7,0.0,0.88,5.36,10.344,7.825,89.57,87.63,94.9,99.29542218021423,71.05252317198764,77.34248536919438,104.43103977098454,116.06,58933.6
62,19.964,5.68,3.3,0.87,1.1325,1.239,1.925,0.411,0.462,20.59,1.065,1.323,1.66,1.162,1.29,0.56,2.706,1.46,0.856,5.28,10.164,7.85,90.95,87.58,95.4,100.81440768746063,71.02080329557157,80.65387249408543,106.52653102954709,133.44,75857.4
63,19.941,5.68,3.284,0.87,1.1325,1.267,2.457,0.408,0.462,20.55,1.09,1.33,1.68,1.442,1.45,0.595,2.742,1.24,0.864,5.28,10.65,7.85,92.26,88.29,96.0,102.33339319470699,70.9890834191555,83.96525961897648,108.6220222881096,127.7,63071.2
64,20.079,5.68,3.288,0.875,1.125,1.365,2.051,0.408,0.462,20.62,1.135,1.344,1.68,1.442,1.34,0.625,2.742,1.13,0.756,5.28,10.938,7.85,92.22,88.69,96.4,117.19303402646503,77.55509783728115,85.92329722325988,106.83570187097436,135.31,63959.2
65,20.079,5.6,3.292,0.875,1.125,1.407,1.638,0.408,0.462,20.64,1.19,1.393,1.65,1.344,1.26,0.62,2.736,1.005,0.672,5.28,10.71,7.85,91.24,89.01,96.5,132.05267485822307,84.1211122554068,87.88133482754326,105.04938145383908,124.62,77631.6
66,20.01,5.68,3.3,0.875,1.125,1.498,1.715,0.411,0.462,20.75,1.23,1.498,1.63,1.141,1.26,0.595,2.748,0.91,0.768,5.28,10.86,7.875,91.62,88.4,96.9,146.9123156899811,90.68712667353245,89.83937243182667,103.26306103670382,125.11,60491.2
67,20.171,5.68,3.304,0.875,1.1325,1.554,1.582,0.411,0.469,20.72,1.26,1.589,1.57,1.092,1.22,0.59,2.772,0.845,0.7,5.36,11.04,7.95,91.89,88.29,97.0,149.68611531190925,96.6821833161689,87.21905740256508,100.92710356814231,136.63,58431.8
68,19.987,5.76,3.296,0.875,1.14,1.526,1.61,0.408,0.469,20.95,1.2,1.575,1.63,0.994,1.23,0.595,2.73,0.845,0.808,5.44,11.124,8.075,92.27,88.77,97.5,152.45991493383744,102.67723995880537,84.59874237330345,98.59114609958084,120.52,72257.6
69,19.941,5.76,3.304,0.88,1.155,1.456,1.953,0.408,0.476,21.24,1.07,1.512,1.66,0.0,1.24,0.575,2.736,0.0,0.852,5.44,11.274,8.125,91.06,89.23,97.6,155.23371455576557,108.67229660144183,81.97842734404185,96.25518863101932,137.62,59807.1
70,19.803,6.0,3.324,0.91,1.1775,1.435,1.883,0.408,0.49,21.6,1.055,1.393,1.6,0.0,1.36,0.555,2.79,0.0,0.848,5.44,11.322,8.175,91.57,89.83,98.4,157.01687145557656,115.33347064881566,78.89739758436062,98.21327062672528,125.0,53973.1
71,19.964,6.16,3.432,0.93,1.2225,1.414,1.876,0.411,0.511,21.78,1.075,1.323,1.63,0.0,1.43,0.55,2.826,0.0,0.844,5.68,11.262,8.175,92.5,90.39,99.0,158.8000283553875,121.9946446961895,75.81636782467938,100.17135262243124,116.61,75095.3
72,21.091,6.56,3.52,0.95,1.2825,1.4,1.883,0.414,0.532,21.91,1.07,1.344,1.65,1.036,1.57,0.55,2.838,0.0,1.116,5.92,12.654,8.2,97.49,91.68,99.4,160.5831852551985,128.65581874356334,72.73533806499813,102.1294346181372,127.76,58685.2
73,21.413,6.8,3.656,0.96,1.29,1.4,1.638,0.414,0.532,21.99,1.07,1.414,1.72,1.106,1.39,0.54,2.826,0.0,0.912,5.92,10.434,8.25,95.68,91.86,100.0,149.81820100819155,127.19670442842431,78.46547752459219,106.2860648195481,118.13,60988.4
74,21.781,6.96,3.628,0.97,1.2975,1.365,1.813,0.417,0.532,21.93,1.085,1.421,1.79,1.085,1.32,0.54,2.826,1.29,0.98,5.92,10.482,8.25,97.68,92.26,100.6,139.05321676118464,125.73759011328528,84.1956169841863,110.44269502095902,122.13,79337.3
75,21.988,7.04,3.64,1.0,1.2825,1.288,1.911,0.417,0.532,22.01,1.11,1.449,1.88,1.351,1.38,0.575,2.868,1.145,0.776,5.92,10.83,8.275,98.67,92.87,101.3,128.2882325141777,124.27847579814625,89.92575644378034,114.5993252223699,130.32,64817.7
76,21.896,7.04,3.632,1.025,1.2825,1.386,2.037,0.417,0.532,22.07,1.175,1.484,1.76,1.519,1.49,0.61,2.832,1.07,0.796,5.92,10.674,8.275,98.92,93.77,102.8,123.69825456836799,117.26838311019567,85.72173452870128,117.17574890093037,123.32,63545.1
77,21.85,7.12,3.636,1.07,1.2675,1.4,1.834,0.417,0.532,22.12,1.24,1.547,1.69,1.4,1.34,0.635,2.844,1.04,0.744,5.92,11.49,8.275,99.41,93.95,103.6,119.10827662255828,110.25829042224511,81.51771261362221,119.75217257949085,118.91,77220.3
78,21.942,7.2,3.616,1.095,1.2675,1.428,1.785,0.417,0.539,21.96,1.305,1.603,1.69,1.218,1.31,0.625,2.856,0.97,0.656,5.92,11.124,8.3,98.83,94.02,104.1,114.51829867674857,103.24819773429455,77.31369069854316,122.32859625805132,129.58,60001.2
79,22.356,7.28,3.636,1.11,1.2675,1.456,1.526,0.42,0.539,22.02,1.34,1.603,1.68,1.078,1.22,0.625,2.868,0.88,0.544,5.92,11.31,8.35,99.03,92.91,103.6,103.85237870195336,94.55695159629248,76.10431453119163,114.80543911665474,122.1,59727.9
80,22.379,7.28,3.644,1.12,1.245,1.414,1.512,0.423,0.532,22.07,1.29,1.519,1.65,1.036,1.22,0.62,2.856,1.02,0.6,5.68,11.43,8.375,98.92,92.98,102.9,93.18645872715815,85.86570545829042,74.89493836384013,107.28228197525814,134.09,73710.6
81,22.701,7.2,3.592,1.13,1.2225,1.393,1.911,0.423,0.532,22.1,1.105,1.421,1.63,0.0,1.34,0.595,2.808,0.0,0.916,5.52,11.052,8.375,96.97,93.43,101.4,82.52053875236295,77.17445932028836,73.6855621964886,99.75912483386156,137.5,58550.1
82,22.701,7.2,3.6,1.135,1.2225,1.386,1.743,0.426,0.539,22.16,1.095,1.372,1.58,0.0,1.35,0.57,2.856,0.0,0.832,5.52,11.028,8.375,96.69,93.27,99.6,82.55356017643352,75.39814624098868,78.29270950068485,99.51865862386259,118.16,53682.2
83,22.839,7.12,3.6,1.13,1.2075,1.344,1.841,0.426,0.539,22.24,1.095,1.267,1.58,0.0,1.48,0.56,2.862,0.0,1.0,5.44,10.506,8.375,96.45,93.31,98.2,82.5865816005041,73.62183316168898,82.8998568048811,99.2781924138636,136.22,73204.5
84,22.54,7.12,3.588,1.125,1.2075,1.337,1.869,0.423,0.532,22.19,1.095,1.281,1.6,1.12,1.65,0.58,2.838,0.0,1.276,5.36,11.226,8.375,98.33,93.88,95.8,82.61960302457467,71.8455200823893,87.50700410907733,99.03772620386464,124.75,58754.3
85,22.563,7.04,3.524,1.115,1.215,1.295,1.673,0.42,0.532,22.09,1.08,1.344,1.64,0.987,1.77,0.58,2.826,0.0,1.344,5.28,9.426,8.375,96.12,93.92,95.2,82.8507529930687,73.87559217301752,83.18780351139335,98.21327062672528,112.03,59183.9
86,22.54,7.04,3.512,1.105,1.2075,1.274,1.764,0.423,0.532,22.14,1.07,1.344,1.75,1.057,1.78,0.57,2.802,1.645,0.876,5.28,9.456,8.375,97.54,93.79,94.8,83.08190296156269,75.90566426364573,78.86860291370938,97.38881504958593,135.94,79169.5
87,22.54,6.96,3.508,1.105,1.2075,1.288,2.212,0.426,0.532,22.01,1.085,1.358,1.9,1.498,1.47,0.63,2.778,1.07,0.696,5.28,10.074,8.375,98.0,93.85,94.7,83.3130529300567,77.93573635427396,74.54940231602541,96.56435947244658,120.95,64653.0
88,22.655,6.88,3.496,1.1,1.2,1.274,2.156,0.426,0.532,22.15,1.1,1.309,1.79,1.694,1.3,0.735,2.796,0.96,0.648,5.28,10.374,8.35,98.21,94.13,94.8,81.10061751732829,74.50998970133882,72.27462333457852,92.54513853389224,118.02,66885.4
89,22.701,6.8,3.448,1.09,1.1925,1.323,1.778,0.426,0.525,22.14,1.135,1.33,1.74,1.274,1.17,0.725,2.736,0.935,0.616,5.28,10.296,8.35,97.01,93.61,95.2,78.88818210459988,71.08424304840372,69.99984435313162,88.5259175953379,127.82,78458.9
90,22.448,6.8,3.412,1.08,1.1925,1.344,1.589,0.423,0.518,22.04,1.16,1.351,1.68,1.071,1.14,0.65,2.748,0.915,0.58,5.28,9.93,8.35,95.7,92.96,95.1,76.67574669187147,67.65849639546859,67.72506537168474,84.50669665678356,117.98,64562.3
91,22.701,6.8,3.4,1.07,1.185,1.372,1.337,0.426,0.511,22.2,1.155,1.302,1.58,0.952,1.13,0.54,2.736,0.92,0.552,5.28,10.638,8.35,96.14,92.28,95.4,76.21344675488344,68.54665293511844,67.92662806624331,83.02954708107555,131.1,62560.3
92,22.448,6.8,3.384,1.065,1.1925,1.365,1.442,0.426,0.511,22.33,1.07,1.351,1.55,0.994,1.2,0.51,2.742,1.02,0.6,5.36,10.284,8.375,96.02,92.7,95.1,75.7511468178954,69.43480947476829,68.12819076080189,81.55239750536755,127.58,78484.0
93,22.862,6.8,3.368,1.065,1.1925,1.358,1.736,0.423,0.511,22.26,0.98,1.379,1.57,0.0,1.23,0.505,2.688,0.0,0.692,5.44,10.002,8.375,94.44,93.1,95.0,75.28884688090737,70.32296601441814,68.32975345536047,80.07524792965955,122.37,59936.1
94,22.862,6.8,3.364,1.055,1.185,1.323,1.638,0.423,0.504,22.23,0.985,1.337,1.54,0.0,1.31,0.51,2.7,0.0,0.832,5.44,10.038,8.375,94.45,93.16,95.2,73.86892564587271,73.17775489186407,78.95498692566306,84.43799202535529,127.11,56263.0
95,22.563,6.72,3.368,1.06,1.185,1.344,1.638,0.42,0.497,22.2,0.995,1.316,1.53,0.0,1.32,0.515,2.718,0.0,0.796,5.36,10.164,8.35,94.06,93.05,95.2,72.44900441083807,76.03254376931,89.58022039596564,88.80073612105102,124.52,87625.6
96,22.747,6.64,3.348,1.05,1.185,1.323,1.89,0.42,0.497,22.23,1.005,1.386,1.56,0.945,1.65,0.57,2.73,0.0,1.304,5.44,10.08,8.35,96.35,93.94,96.0,71.02908317580341,78.88733264675594,100.20545386626821,93.16348021674676,124.58,58382.2
97,22.586,6.64,3.352,1.045,1.185,1.351,2.002,0.417,0.497,22.28,1.0,1.407,1.56,1.001,1.72,0.575,2.736,0.0,1.384,5.44,9.102,8.35,95.63,94.01,96.0,72.74619722747322,80.75880535530382,96.46214668160879,98.07586136386874,111.31,59518.0
98,22.678,6.56,3.352,1.04,1.1775,1.337,2.429,0.417,0.497,22.28,1.015,1.414,1.64,1.036,1.82,0.59,2.778,1.545,1.52,5.36,9.408,8.35,98.24,94.34,96.4,74.46331127914304,82.6302780638517,92.71883949694931,102.9882425109907,136.85,75712.7
99,22.517,6.56,3.336,1.035,1.1775,1.393,2.646,0.417,0.497,22.27,1.04,1.414,1.69,1.526,1.73,0.625,2.808,1.255,1.272,5.36,10.236,8.35,99.15,94.7,96.9,76.18042533081287,84.50175077239959,88.97553231228989,107.90062365811266,118.45,62059.7
100,22.402,6.56,3.344,1.035,1.1775,1.477,2.415,0.414,0.504,22.34,1.085,1.435,1.67,1.652,1.53,0.65,2.814,1.12,0.848,5.28,10.236,8.375,98.36,94.95,97.1,90.24755198487712,89.22801235839343,85.63535051674761,105.4959615581229,129.13,63162.9
101,22.31,6.48,3.332,1.025,1.1775,1.505,1.918,0.414,0.497,22.28,1.17,1.575,1.73,1.379,1.36,0.615,2.79,1.05,0.712,5.28,10.422,8.35,97.37,94.8,97.2,104.3146786389414,93.95427394438723,82.29516872120534,103.0912994581331,123.71,73842.5
102,22.31,6.48,3.328,1.02,1.185,1.568,2.023,0.411,0.504,22.23,1.21,1.659,1.73,1.211,1.31,0.585,2.778,1.16,0.708,5.28,10.428,8.325,97.44,94.29,97.3,118.38180529300567,98.68053553038106,78.95498692566306,100.68663735814334,115.4,61813.2
103,22.379,6.48,3.328,1.015,1.1925,1.561,1.778,0.414,0.504,22.46,1.24,1.652,1.66,1.127,1.31,0.57,2.766,1.07,0.712,5.28,10.752,8.35,97.6,93.46,97.3,122.37739760554504,105.2465499485067,80.22195243431703,103.46917493098866,139.6,59302.1
104,22.402,6.4,3.336,1.01,1.1925,1.568,1.841,0.411,0.504,22.41,1.22,1.603,1.62,1.162,1.36,0.565,2.76,1.06,0.72,5.28,10.932,8.375,97.73,93.48,97.8,126.37298991808443,111.81256436663234,81.48891794297097,106.25171250383396,131.29,74431.4
105,22.379,6.4,3.336,1.0,1.2,1.519,1.89,0.408,0.511,22.28,1.095,1.568,1.59,0.0,1.37,0.545,2.766,0.0,0.692,5.28,10.362,8.4,94.59,93.57,98.2,130.36858223062382,118.37857878475799,82.75588345162495,109.03425007667927,121.75,58933.3
106,22.379,6.32,3.336,0.995,1.215,1.505,2.044,0.408,0.511,22.42,1.1,1.407,1.57,0.0,1.43,0.54,2.79,0.0,0.864,5.2,10.368,8.425,94.83,93.99,98.6,135.18971014492755,120.44037075180229,81.25856057776117,109.20601165525,137.39,55974.6
107,22.31,6.32,3.34,1.0,1.215,1.505,2.149,0.408,0.511,22.31,1.12,1.281,1.63,0.0,1.5,0.545,2.784,0.0,1.048,5.2,10.182,8.45,94.81,94.15,99.2,140.01083805923125,122.50216271884658,79.76123770389738,109.37777323382066,129.79,75173.6
108,22.264,6.32,3.304,1.005,1.215,1.484,1.897,0.408,0.511,22.41,1.12,1.302,1.7,1.281,1.56,0.57,2.82,0.0,0.872,5.2,10.656,8.475,96.37,94.01,100.2,144.83196597353495,124.56395468589085,78.26391483003361,109.54953481239137,135.41,64156.6
109,22.379,6.24,3.304,1.005,1.215,1.512,1.953,0.405,0.511,22.35,1.11,1.344,1.85,1.302,1.54,0.575,2.808,0.0,0.884,5.2,9.594,8.525,95.61,94.3,100.9,142.71859483301827,121.86776519052523,77.05453866268212,106.32041713526226,121.07,65777.4
110,22.402,6.4,3.34,1.04,1.2225,1.526,2.023,0.408,0.511,22.57,1.13,1.358,1.88,1.372,1.42,0.565,2.784,1.195,0.772,5.2,10.032,8.525,97.68,95.1,101.9,140.60522369250157,119.17157569515963,75.8451624953306,103.0912994581331,140.79,84597.4
111,22.494,6.48,3.368,1.075,1.2375,1.526,2.17,0.411,0.518,22.48,1.145,1.393,1.8,1.645,1.3,0.58,2.754,1.08,0.732,5.28,10.068,8.55,98.09,95.25,102.8,138.4918525519849,116.47538619979404,74.63578632797909,99.862181781004,122.13,68103.9
112,22.931,6.48,3.392,1.125,1.2525,1.568,2.044,0.408,0.525,22.76,1.17,1.379,1.78,1.638,1.21,0.64,2.766,1.075,0.72,5.36,10.512,8.55,99.29,96.21,102.6,134.46323881537495,113.65231719876417,74.23266093886191,96.22083631530519,148.15,69497.8
113,22.954,6.56,3.42,1.135,1.26,1.624,1.82,0.408,0.525,22.66,1.23,1.358,1.73,1.344,1.17,0.64,2.754,0.95,0.676,5.36,10.638,8.575,98.79,96.45,102.5,130.43462507876495,110.82924819773432,73.82953554974475,92.57949084960637,124.33,82054.2
114,23.161,6.56,3.432,1.14,1.2675,1.659,1.652,0.408,0.525,22.8,1.265,1.407,1.67,1.204,1.19,0.625,2.766,0.97,0.64,5.36,10.422,8.575,98.7,96.31,102.9,126.40601134215501,108.00617919670444,73.42641016062757,88.93814538390757,122.11,65954.4
115,23.299,6.64,3.428,1.16,1.2675,1.596,1.414,0.414,0.525,22.81,1.26,1.428,1.6,1.099,1.2,0.605,2.784,0.935,0.832,5.44,11.07,8.6,99.41,96.16,102.9,122.21229048519218,106.57878475798147,71.84270327481012,90.89622737961353,137.24,66238.6
116,23.138,6.56,3.428,1.16,1.2675,1.589,1.533,0.417,0.525,22.82,1.175,1.47,1.57,1.197,1.23,0.59,2.778,1.035,0.704,5.52,10.854,8.6,99.16,96.36,103.1,118.01856962822937,105.15139031925851,70.25899638899266,92.85430937531949,122.72,78427.9
117,23.23,6.56,3.44,1.16,1.2675,1.512,1.729,0.426,0.532,22.77,1.065,1.519,1.58,0.0,1.25,0.575,2.778,0.0,0.668,5.68,10.932,8.6,97.27,96.71,103.1,113.82484877126655,103.72399588053554,68.6752895031752,94.81239137102546,127.64,64589.3
118,23.391,6.64,3.448,1.16,1.2675,1.309,1.855,0.441,0.532,22.83,1.07,1.407,1.62,0.0,1.26,0.56,2.754,0.0,0.864,5.76,10.794,8.575,97.54,96.98,103.4,116.76375551354758,106.57878475798147,72.44739135848586,95.43073305387996,134.61,59513.8
119,23.506,6.56,3.444,1.16,1.2675,1.365,1.778,0.447,0.532,22.97,1.105,1.344,1.61,0.0,1.43,0.57,2.814,0.0,0.788,5.76,11.004,8.575,98.03,97.25,103.1,119.70266225582859,109.43357363542741,76.21949321379654,96.04907473673448,120.86,79958.0
120,23.46,6.56,3.444,1.14,1.2675,1.358,1.932,0.45,0.532,22.94,1.09,1.393,1.62,1.239,1.39,0.56,2.814,0.0,1.02,5.76,11.766,8.575,100.31,97.34,103.8,122.64156899810963,112.28836251287333,79.9915950691072,96.667416419589,132.45,66074.5
121,23.552,6.56,3.448,1.135,1.2675,1.323,1.995,0.447,0.532,23.0,1.075,1.4,1.7,1.036,1.65,0.585,2.82,0.0,1.312,5.84,9.75,8.625,99.05,97.89,104.3,122.70761184625078,114.06467559217302,81.77686464948324,98.8316123095798,117.63,66385.4
122,23.552,6.56,3.44,1.13,1.2675,1.33,2.156,0.441,0.532,23.04,1.11,1.4,1.77,1.078,1.8,0.615,2.802,1.51,0.976,5.76,9.93,8.625,100.82,98.58,104.8,122.77365469439194,115.8409886714727,83.56213422985928,100.99580819957059,125.97,82095.6
123,23.437,6.56,3.432,1.125,1.26,1.365,2.282,0.438,0.532,23.0,1.13,1.393,1.84,1.603,1.71,0.635,2.766,1.28,0.852,5.76,10.836,8.625,101.86,98.58,104.8,122.83969754253309,117.6173017507724,85.34740381023533,103.16000408956138,124.22,69279.6
124,24.012,6.56,3.416,1.125,1.26,1.386,2.114,0.435,0.532,23.1,1.15,1.33,1.8,1.673,1.48,0.68,2.778,1.145,0.76,5.84,11.28,8.6,102.46,99.14,104.3,130.96296786389414,120.15489186405769,82.84226746357864,102.40425314385031,131.56,71296.8
125,24.288,6.56,3.404,1.13,1.2525,1.484,2.1,0.432,0.532,22.98,1.225,1.414,1.78,1.442,1.44,0.715,2.766,1.145,0.696,5.84,10.794,8.6,102.02,99.54,103.6,139.0862381852552,122.69248197734296,80.33713111692194,101.64850219813925,116.03,83715.1
126,24.265,6.56,3.408,1.13,1.2525,1.547,1.953,0.429,0.532,23.19,1.3,1.533,1.78,1.309,1.35,0.76,2.754,1.11,0.684,5.84,10.722,8.6,102.01,98.93,104.0,147.20950850661626,125.23007209062823,77.83199477026523,100.89275125242818,121.4,66711.5
127,24.38,6.64,3.408,1.135,1.2525,1.596,2.009,0.423,0.532,23.07,1.365,1.596,1.72,1.155,1.32,0.755,2.76,1.03,0.592,5.84,10.782,8.65,102.01,98.45,104.9,147.77087271581598,122.88280123583934,77.25610135724068,109.1373070238217,119.88,65830.6
128,24.426,6.72,3.404,1.13,1.2525,1.568,1.82,0.423,0.532,23.18,1.33,1.603,1.7,1.26,1.34,0.735,2.748,1.045,0.704,5.92,10.908,8.675,102.42,98.66,105.1,148.33223692501576,120.53553038105049,76.68020794421616,117.38186279521521,123.33,81387.7
129,24.886,6.72,3.4,1.135,1.2525,1.561,2.002,0.417,0.532,23.08,1.255,1.617,1.72,0.0,1.39,0.69,2.772,0.0,0.844,5.92,10.548,8.725,100.47,99.5,105.2,148.89360113421552,118.1882595262616,76.10431453119163,125.62641856660873,126.35,70936.6
130,25.3,6.64,3.4,1.135,1.2675,1.54,1.939,0.414,0.532,23.47,1.28,1.512,1.75,0.0,1.52,0.65,2.796,0.0,0.964,5.92,10.392,8.75,101.17,99.51,104.8,144.99707309388785,117.64902162718847,77.88958411156767,127.10356814231675,121.6,62844.5
131,24.771,6.64,3.396,1.135,1.26,1.512,1.89,0.414,0.539,23.47,1.3,1.386,1.75,0.0,1.57,0.63,2.79,0.0,1.344,5.92,10.344,8.775,100.84,99.49,104.5,141.10054505356018,117.10978372811535,79.67485369194371,128.58071771802474,117.26,85810.5
132,24.518,6.64,3.384,1.135,1.2525,1.526,1.96,0.408,0.532,23.56,1.295,1.365,1.75,1.113,1.6,0.62,2.82,0.0,1.24,6.0,11.148,8.675,102.54,99.43,104.9,137.20401701323252,116.57054582904223,81.46012327231976,130.05786729373276,127.95,70400.45
133,24.748,6.64,3.384,1.125,1.245,1.505,1.932,0.405,0.532,23.59,1.3,1.414,1.82,1.169,1.57,0.63,2.778,0.0,1.056,6.0,10.014,8.7,101.56,99.52,105.3,133.8688531821046,114.85767250257467,84.80030506786206,125.83253246089356,107.29,68935.57
134,24.702,6.64,3.372,1.125,1.2375,1.526,2.079,0.405,0.539,23.76,1.33,1.421,1.81,1.302,1.56,0.64,2.784,1.575,0.896,6.0,9.876,8.675,103.25,100.0,105.0,130.5336893509767,113.14479917610711,88.1404868634043,121.6071976280544,114.37,87443.17
135,24.748,6.56,3.356,1.13,1.2375,1.512,2.408,0.402,0.539,23.62,1.365,1.463,1.84,1.638,1.56,0.665,2.802,1.29,0.84,5.92,10.488,8.675,104.06,100.3,104.4,127.19852551984877,111.43192584963955,91.48066865894658,117.38186279521521,121.02,68793.19
136,24.794,6.56,3.336,1.13,1.23,1.512,2.373,0.402,0.539,23.71,1.39,1.456,1.81,1.736,1.57,0.71,2.802,1.24,1.0,5.92,10.896,8.675,104.79,100.92,104.1,121.58488342785128,104.42183316168898,86.47039596563317,116.38564563950517,118.97,72498.0
137,25.047,6.48,3.356,1.125,1.2375,1.589,1.939,0.396,0.539,23.69,1.485,1.519,1.84,1.764,1.53,0.75,2.79,1.225,0.964,5.84,11.19,8.675,104.97,101.36,104.2,115.97124133585382,97.41174047373842,81.46012327231976,115.38942848379513,112.09,89561.4
138,25.07,6.48,3.38,1.125,1.245,1.596,1.869,0.399,0.546,23.7,1.58,1.589,1.84,1.575,1.46,0.745,2.76,1.175,0.772,5.84,10.968,8.675,104.39,100.69,104.5,110.35759924385634,90.40164778578786,76.44985057900635,114.39321132808506,118.94,71724.88
139,25.093,6.48,3.384,1.115,1.245,1.708,1.799,0.399,0.546,23.68,1.695,1.68,1.8,1.463,1.41,0.755,2.772,1.21,0.68,5.76,10.932,8.675,104.28,100.25,104.6,110.75385633270321,90.27476828012358,74.83734902253768,115.38942848379513,108.95,67173.76
140,25.093,6.48,3.408,1.11,1.2375,1.687,1.631,0.396,0.539,23.81,1.625,1.687,1.76,1.379,1.41,0.745,2.772,1.2,0.748,5.76,11.046,8.7,104.22,99.79,104.4,111.1501134215501,90.14788877445932,73.22484746606898,116.38564563950517,123.57,84195.2
141,25.231,6.4,3.4,1.1,1.245,1.589,1.624,0.393,0.539,23.65,1.31,1.701,1.75,0.0,1.42,0.71,2.766,0.0,0.788,5.6,10.692,8.7,100.61,99.69,103.8,111.54637051039697,90.02100926879505,71.61234590960031,117.38186279521521,120.77,63404.72
142,25.162,6.4,3.388,1.095,1.26,1.617,1.82,0.39,0.539,23.85,1.235,1.54,1.75,0.0,1.43,0.68,2.772,0.0,1.088,5.6,10.908,8.7,101.22,99.78,103.7,110.1594706994329,89.64037075180228,70.48935375420248,112.64124322666393,112.49,55667.31
143,25.208,6.4,3.368,1.09,1.26,1.582,1.876,0.39,0.539,23.75,1.23,1.386,1.76,0.0,1.5,0.675,2.778,0.0,1.464,5.52,10.458,8.7,100.93,99.88,103.9,108.7725708884688,89.25973223480948,69.36636159880463,107.90062365811266,118.09,80102.28
144,25.254,6.32,3.376,1.075,1.245,1.631,2.058,0.384,0.539,23.62,1.205,1.393,1.74,1.407,1.49,0.66,2.784,0.0,1.132,5.52,11.598,8.7,103.13,99.8,103.7,107.38567107750474,88.8790937178167,68.2433694434068,103.16000408956138,121.88,66459.64
145,25.139,6.24,3.388,1.075,1.245,1.617,1.995,0.384,0.539,23.89,1.195,1.414,1.77,1.281,1.49,0.68,2.772,0.0,0.924,5.44,10.74,8.7,101.92,99.67,103.7,107.38567107750474,90.11616889804327,70.31658573029512,100.30876188528778,106.34,66346.57
146,24.84,6.24,3.44,1.075,1.2675,1.603,2.219,0.381,0.546,23.76,1.185,1.414,1.76,1.421,1.41,0.69,2.808,1.3,0.76,5.44,9.804,8.675,102.04,99.86,103.5,107.38567107750474,91.35324407826982,72.38980201718341,97.4575196810142,122.07,88331.2
147,24.863,6.24,3.468,1.07,1.2825,1.582,2.408,0.378,0.553,23.73,1.21,1.4,1.79,1.953,1.36,0.705,2.784,1.15,0.716,5.68,9.99,8.675,102.99,99.7,103.5,107.38567107750474,92.5903192584964,74.46301830407172,94.60627747674062,115.92,71282.13
148,24.909,6.16,3.48,1.07,1.275,1.659,1.925,0.378,0.553,23.81,1.23,1.365,1.77,1.974,1.32,0.71,2.784,1.085,0.708,6.0,10.722,8.7,103.59,100.03,103.6,104.01748582230624,88.40329557157571,74.52060764537418,91.51456906246804,115.58,71761.73
149,24.955,6.16,3.46,1.065,1.2675,1.701,1.918,0.378,0.553,23.65,1.26,1.379,1.78,1.589,1.29,0.7,2.778,1.06,0.688,5.92,10.818,8.675,103.04,99.82,103.8,100.64930056710774,84.216271884655,74.57819698667664,88.42286064819548,119.55,84745.84
150,25.001,6.08,3.46,1.065,1.26,1.722,1.792,0.375,0.546,24.05,1.27,1.421,1.78,1.302,1.26,0.68,2.778,1.08,0.66,5.92,10.704,8.675,102.88,99.28,103.8,97.28111531190926,80.02924819773429,74.63578632797909,85.33115223392291,114.76,66326.97
151,24.863,6.08,3.452,1.065,1.2525,1.736,1.505,0.375,0.546,23.9,1.27,1.512,1.74,1.12,1.29,0.65,2.766,1.06,0.708,5.84,10.776,8.675,102.18,98.75,103.5,98.96520793950852,80.31472708547888,74.80855435188646,89.9000102239035,114.67,65045.97
152,24.702,6.08,3.436,1.065,1.2525,1.68,1.869,0.372,0.546,23.85,1.22,1.582,1.73,1.19,1.34,0.645,2.76,1.105,0.948,5.92,10.668,8.675,102.64,99.18,103.3,100.64930056710774,80.6002059732235,74.9813223757938,94.46886821388405,123.4,82200.16
153,24.771,6.08,3.428,1.06,1.245,1.68,2.023,0.369,0.546,24.04,1.1,1.575,1.76,0.0,1.36,0.635,2.754,0.0,1.036,5.84,10.74,8.7,100.74,99.54,102.5,102.33339319470699,80.88568486096808,75.15409039970116,99.03772620386464,123.38,62528.59
154,24.817,5.92,3.416,1.055,1.245,1.701,2.037,0.369,0.546,23.9,1.1,1.477,1.76,0.0,1.43,0.63,2.742,0.0,0.916,5.84,11.07,8.7,100.67,99.53,101.9,103.15892879647133,83.23295571575696,76.73779728551861,100.65228504242918,119.74,59775.35
155,24.84,6.0,3.408,1.06,1.2375,1.666,2.009,0.369,0.546,24.02,1.13,1.33,1.75,0.0,1.46,0.63,2.748,0.0,0.904,5.84,10.596,8.7,100.24,99.46,100.6,103.98446439823569,85.58022657054583,78.32150417133609,102.26684388099375,121.86,71545.0
156,24.679,6.16,3.408,1.045,1.23,1.645,2.072,0.363,0.553,23.81,1.125,1.372,1.74,1.106,1.61,0.645,2.784,0.0,1.54,5.68,12.144,8.625,103.34,99.55,99.4,104.81,97.1,107.08,97.81,119.82,73905.69
157,24.61,6.16,3.392,1.045,1.2225,1.582,2.156,0.36,0.553,23.76,1.12,1.421,1.77,1.176,1.63,0.66,2.76,0.0,1.928,5.6,10.362,8.625,101.89,99.74,100.3,102.22,98.61666666666666,104.96,99.28333333333332,106.52,69263.6
158,24.679,6.16,3.372,1.045,1.2225,1.533,2.107,0.36,0.553,24.0,1.14,1.421,1.79,1.498,1.65,0.675,2.778,1.48,1.376,5.52,10.326,8.65,103.34,99.95,100.7,99.63,100.13333333333334,102.84,100.75666666666667,135.03,74002.17
159,24.748,6.24,3.352,1.05,1.2225,1.589,2.408,0.354,0.553,23.9,1.18,1.428,1.83,1.974,1.58,0.73,2.784,1.365,1.124,5.52,11.214,8.625,104.77,99.97,101.1,97.04,101.65,100.72,102.23,117.65,74878.53
160,24.886,6.24,3.336,1.045,1.215,1.68,2.296,0.354,0.553,23.87,1.22,1.428,1.83,2.037,1.49,0.78,2.808,1.195,0.932,5.44,11.046,8.65,104.33,100.42,101.4,97.92666666666668,101.06,99.58666666666666,100.57666666666668,117.08,80816.07
161,24.863,6.24,3.328,1.045,1.2375,1.757,2.086,0.348,0.553,23.85,1.275,1.484,1.85,1.519,1.42,0.8,2.802,1.115,0.772,5.36,10.95,8.65,103.3,100.18,101.3,98.81333333333332,100.47,98.45333333333332,98.92333333333332,121.89,72651.45
162,24.955,6.24,3.316,1.055,1.26,1.743,1.904,0.348,0.553,24.01,1.33,1.568,1.82,1.358,1.35,0.765,2.772,1.255,0.74,5.36,11.07,8.625,103.4,99.65,100.9,99.7,99.88,97.32,97.27,112.26,78906.57
163,25.484,6.24,3.332,1.05,1.275,1.806,1.757,0.342,0.56,24.0,1.415,1.666,1.84,1.225,1.37,0.74,2.79,1.225,0.712,5.28,11.112,8.65,103.87,99.56,99.7,99.29666666666668,100.36666666666666,97.11,98.76,125.23,71906.75
164,25.576,6.32,3.352,1.05,1.29,1.757,2.156,0.339,0.567,24.02,1.36,1.701,1.77,1.253,1.42,0.725,2.814,1.345,0.832,5.2,10.842,8.65,104.34,100.06,99.4,98.89333333333332,100.85333333333334,96.9,100.25,127.73,73694.64
165,25.806,6.32,3.364,1.055,1.2975,1.799,2.226,0.333,0.574,23.71,1.225,1.694,1.79,0.0,1.48,0.7,2.766,0.0,0.888,5.2,10.716,8.65,101.59,100.55,99.1,98.49,101.34,96.69,101.74,120.85,73647.41
166,25.829,6.24,3.368,1.055,1.2975,1.764,2.065,0.336,0.574,24.07,1.195,1.582,1.81,0.0,1.5,0.69,2.796,0.0,1.208,5.28,10.806,8.625,102.09,100.34,98.9,94.76333333333334,99.03666666666668,99.98666666666666,100.7,126.28,62972.3
167,25.714,6.24,3.364,1.05,1.29,1.757,1.869,0.33,0.574,24.12,1.195,1.4,1.8,0.0,1.45,0.685,2.808,0.0,1.132,5.28,11.4,8.65,102.11,100.03,97.9,91.03666666666666,96.73333333333332,103.28333333333332,99.66,122.43,77079.0
168,25.599,6.4,3.392,1.04,1.29,1.582,1.89,0.315,0.574,24.01,1.175,1.407,1.82,0.0,0.0,0.67,2.82,0.0,0.0,5.52,12.372,8.65,100.53,99.93,97.1,87.31,94.43,106.58,98.62,116.7,62385.59
169,25.461,6.4,3.38,1.04,1.2825,1.554,1.883,0.315,0.574,23.3,1.165,1.407,1.85,0.0,0.0,0.67,2.802,0.0,0.0,5.44,10.728,8.65,97.9,99.9,96.8,87.42333333333333,95.18,105.76333333333334,101.96,116.72,69144.78
170,25.553,6.32,3.376,1.045,1.275,1.54,2.03,0.315,0.574,23.6,1.185,1.428,1.84,0.0,0.0,0.675,2.76,0.0,0.0,5.44,9.714,8.675,97.35,100.36,97.2,87.53666666666668,95.93,104.94666666666666,105.3,130.33,75756.49
171,25.576,6.32,3.368,1.045,1.2675,1.554,2.135,0.318,0.574,23.86,1.18,1.484,1.89,1.757,0.0,0.7,2.766,0.0,0.0,5.44,10.158,8.675,100.07,100.36,97.4,87.65,96.68,104.13,108.64,118.74,72361.79
172,25.507,6.24,3.344,1.05,1.2675,1.596,1.918,0.315,0.574,23.81,1.245,1.568,1.89,1.687,0.0,0.725,2.748,0.0,0.876,5.36,11.25,8.675,101.65,101.39,98.0,89.74333333333334,96.66666666666669,104.21666666666668,107.37666666666668,125.37,70636.34
173,25.346,6.24,3.332,1.045,1.26,1.61,1.568,0.315,0.574,23.61,1.29,1.638,1.86,1.526,0.0,0.755,2.754,0.0,0.812,5.36,10.926,8.675,100.5,100.76,98.4,91.83666666666667,96.65333333333334,104.30333333333331,106.11333333333332,121.93,75449.07
174,25.346,6.24,3.312,1.045,1.2525,1.638,1.799,0.315,0.574,23.94,1.35,1.687,1.92,1.428,0.0,0.755,2.76,0.0,0.76,5.36,10.878,8.675,101.03,100.87,98.1,93.93,96.64,104.39,104.85,108.78,71878.32
175,25.277,6.24,3.296,1.045,1.2675,1.659,1.897,0.315,0.574,23.62,1.405,1.722,1.93,1.477,0.0,0.715,2.79,0.0,0.788,5.44,11.418,8.675,101.55,101.04,98.0,94.26666666666668,99.1,106.27,105.30333333333331,127.54,77091.18
176,25.392,6.24,3.3,1.045,1.26,1.638,1.981,0.312,0.574,23.88,1.37,1.729,1.83,0.0,0.0,0.675,2.76,0.0,0.728,5.36,10.542,8.675,99.29,100.53,98.2,94.60333333333334,101.56,108.15,105.75666666666666,126.39,66094.53
177,25.461,6.24,3.292,1.045,1.26,1.631,1.897,0.315,0.574,23.9,1.275,1.771,1.84,0.0,0.0,0.66,2.742,0.0,0.764,5.36,11.058,8.675,99.76,100.47,98.8,94.94,104.02,110.03,106.21,121.89,69813.81
178,25.392,6.24,3.28,1.04,1.26,1.61,2.051,0.315,0.574,23.98,1.24,1.771,1.84,0.0,0.0,0.65,2.784,0.0,0.0,5.36,10.536,8.7,98.62,100.62,98.6,95.60666666666668,105.19,111.99,105.41333333333333,125.97,62608.57
179,25.461,6.24,3.248,1.04,1.26,1.61,2.093,0.312,0.581,24.17,1.235,1.568,1.84,0.0,0.0,0.655,2.766,0.0,0.0,5.36,10.404,8.7,98.54,100.75,99.5,96.27333333333333,106.36,113.95,104.61666666666666,123.78,71806.8
180,25.645,6.24,3.256,1.03,1.2525,1.582,2.401,0.309,0.581,24.07,1.22,1.435,1.81,0.0,0.0,0.665,2.772,0.0,0.0,5.28,12.072,8.65,100.27,101.2,100.0,96.94,107.53,115.91,103.82,120.8,74754.04
181,25.668,6.24,3.256,1.035,1.2525,1.575,2.548,0.303,0.581,24.13,1.205,1.435,1.85,0.0,0.0,0.66,2.766,0.0,0.0,5.28,10.596,8.65,99.03,101.46,100.3,95.5,103.84333333333332,111.09666666666666,101.94666666666666,108.34,65860.0
182,25.622,6.16,3.248,1.03,1.2525,1.54,2.205,0.3,0.581,24.25,1.235,1.435,1.85,0.0,0.0,0.66,2.778,0.0,0.0,5.28,10.23,8.675,98.33,101.17,100.1,94.06,100.15666666666668,106.28333333333332,100.07333333333334,128.57,72282.64
183,25.622,6.24,3.272,1.035,1.275,1.512,2.45,0.3,0.588,24.26,1.245,1.47,1.87,1.652,0.0,0.67,2.76,0.0,0.0,5.36,10.338,8.675,100.59,101.11,100.5,92.62,96.47,101.47,98.2,112.46,67848.45
184,25.691,6.24,3.296,1.045,1.2825,1.554,2.212,0.297,0.588,24.1,1.28,1.512,1.86,1.708,0.0,0.7,2.784,0.0,0.804,5.28,11.562,8.675,102.47,101.84,100.1,92.53666666666668,95.42,98.66666666666669,97.7,127.12,74292.2
185,25.737,6.16,3.312,1.045,1.2975,1.589,1.785,0.3,0.588,23.89,1.32,1.582,1.85,1.54,0.0,0.715,2.778,0.0,0.772,5.28,11.472,8.675,101.69,101.55,99.7,92.45333333333332,94.37,95.86333333333332,97.2,119.83,75628.72
186,25.921,6.16,3.316,1.05,1.305,1.61,1.82,0.3,0.588,24.49,1.39,1.631,1.85,1.274,0.0,0.665,2.742,0.0,0.72,5.28,11.418,8.675,102.21,101.62,99.7,92.37,93.32,93.06,96.7,107.9,72860.47
187,25.967,6.16,3.352,1.05,1.335,1.617,1.68,0.303,0.588,24.4,1.445,1.729,1.87,1.239,0.0,0.64,2.778,0.0,0.692,5.28,12.048,8.675,102.85,101.67,100.0,91.66666666666669,93.00666666666666,94.30666666666669,101.86333333333332,124.03,76525.57
188,25.921,6.16,3.356,1.045,1.3575,1.596,1.771,0.303,0.588,24.3,1.4,1.771,1.79,0.0,0.0,0.635,2.772,0.0,0.832,5.28,10.962,8.7,100.54,101.6,100.5,90.96333333333334,92.69333333333331,95.55333333333331,107.02666666666669,120.81,62774.84
189,25.921,6.08,3.368,1.045,1.3875,1.582,2.002,0.303,0.595,24.46,1.31,1.813,1.78,0.0,0.0,0.65,2.778,0.0,1.408,5.36,11.244,8.7,101.79,102.02,100.6,90.26,92.38,96.8,112.19,127.32,72716.08
190,25.76,6.08,3.36,1.045,1.4325,1.575,2.051,0.303,0.595,24.41,1.31,1.75,1.82,0.0,0.0,0.655,2.754,0.0,0.0,5.6,10.908,8.7,100.11,102.12,101.1,90.05333333333334,90.65666666666668,99.12333333333332,115.64666666666666,127.37,64395.88
191,25.76,6.08,3.356,1.035,1.4475,1.568,2.226,0.3,0.595,24.56,1.315,1.568,1.8,0.0,0.0,0.64,2.754,0.0,0.0,5.68,10.812,8.725,100.22,102.1,101.2,89.84666666666666,88.93333333333332,101.44666666666666,119.10333333333334,117.62,68611.1
192,25.829,6.16,3.348,1.03,1.455,1.547,2.31,0.3,0.595,24.43,1.255,1.463,1.83,0.0,0.0,0.645,2.772,0.0,0.0,5.68,12.282,8.725,101.66,102.43,101.7,89.64,87.21,103.77,122.56,126.38,76655.48
193,25.829,6.08,3.372,1.035,1.4475,1.547,2.107,0.297,0.602,24.3,1.27,1.456,1.86,0.0,0.0,0.67,2.778,0.0,0.0,5.68,10.53,8.725,99.59,102.29,101.4,90.92333333333332,86.99666666666666,102.61666666666666,119.58666666666667,111.53,66711.08
194,26.174,6.08,3.372,1.03,1.4625,1.561,2.058,0.297,0.602,24.29,1.305,1.47,1.86,0.0,0.0,0.695,2.802,0.0,0.0,5.68,10.854,8.725,100.32,102.66,101.7,92.20666666666666,86.78333333333333,101.46333333333334,116.61333333333332,128.06,75485.26
195,26.151,6.08,3.368,1.035,1.4925,1.554,2.044,0.297,0.602,24.42,1.335,1.491,1.89,2.023,0.0,0.735,2.808,0.0,0.0,5.68,11.322,8.75,103.08,102.72,102.3,93.49,86.57,100.31,113.64,119.41,67466.76
196,26.013,6.08,3.368,1.035,1.515,1.575,2.086,0.297,0.602,24.4,1.405,1.568,1.85,1.995,0.0,0.86,2.814,0.0,0.928,5.68,11.694,8.75,104.52,103.64,103.2,98.7,87.71,100.52,112.92666666666666,125.56,72091.54
197,25.944,6.08,3.38,1.04,1.53,1.631,1.61,0.297,0.602,24.43,1.475,1.589,1.85,1.799,0.0,0.98,2.808,0.0,0.812,5.68,12.084,8.75,104.37,103.46,103.1,103.91,88.85,100.73,112.21333333333334,117.64,64133.02
198,26.082,6.08,3.364,1.04,1.5375,1.659,1.694,0.297,0.602,24.2,1.54,1.617,1.82,1.708,0.0,0.97,2.784,0.0,0.74,5.68,11.862,8.775,104.05,103.59,103.2,109.12,89.99,100.94,111.5,117.31,70597.64
199,26.197,6.16,3.376,1.045,1.545,1.659,1.554,0.297,0.602,24.21,1.595,1.708,1.91,1.659,0.0,0.92,2.808,0.0,0.74,5.68,11.49,8.775,103.93,103.88,103.5,109.0,90.41333333333333,105.85333333333334,110.00333333333332,122.86,70023.11
200,26.358,6.08,3.376,1.045,1.545,1.652,1.939,0.297,0.602,24.44,1.555,1.764,1.79,0.0,0.0,0.885,2.814,0.0,0.848,5.76,11.094,8.775,102.62,104.46,103.7,108.88,90.83666666666667,110.76666666666668,108.50666666666667,114.89,61413.33
201,26.335,6.08,3.38,1.045,1.545,1.631,2.303,0.3,0.602,24.43,1.355,1.736,1.82,0.0,0.0,0.86,2.778,0.0,0.84,5.76,11.712,8.775,103.29,104.3,104.1,108.76,91.26,115.68,107.01,134.31,72910.35
202,26.404,6.08,3.38,1.05,1.5675,1.61,1.89,0.3,0.609,24.4,1.335,1.694,1.81,0.0,0.0,0.83,2.808,0.0,0.0,5.76,11.196,8.775,101.5,104.11,103.2,107.14333333333332,91.01333333333334,117.34,108.39,125.44,60446.53
203,26.45,6.08,3.388,1.05,1.59,1.603,2.345,0.297,0.609,24.39,1.325,1.596,1.83,0.0,0.0,0.805,2.808,0.0,0.0,5.76,11.37,8.775,102.07,104.7,102.2,105.52666666666669,90.76666666666668,119.0,109.77,116.61,66357.25
204,26.634,6.16,3.364,1.05,1.62,1.617,2.303,0.294,0.609,24.24,1.3,1.456,1.82,0.0,0.0,0.815,2.856,0.0,1.284,5.6,12.516,8.775,104.31,105.23,102.2,103.91,90.52,120.66,111.15,126.13,76137.89
205,26.818,6.16,3.38,1.055,1.635,1.617,2.261,0.294,0.609,24.39,1.31,1.428,1.85,0.0,0.0,0.81,2.856,0.0,1.276,5.68,11.01,8.775,103.21,105.41,102.8,101.61666666666666,90.11,116.08666666666666,109.16333333333334,107.16,66123.74
206,26.703,6.24,3.396,1.06,1.6425,1.631,2.079,0.294,0.609,24.3,1.32,1.4,1.82,0.0,0.0,0.82,2.862,0.0,0.908,5.68,11.1,8.775,102.64,105.2,103.0,99.32333333333334,89.7,111.51333333333334,107.17666666666666,117.48,67671.19
207,26.772,6.24,3.412,1.06,1.6425,1.652,2.163,0.294,0.609,24.35,1.32,1.4,1.88,2.261,0.0,0.865,2.868,0.0,0.836,5.76,11.448,8.775,105.61,105.27,103.5,97.03,89.29,106.94,105.19,126.07,72843.97
208,26.91,6.24,3.44,1.055,1.65,1.743,1.82,0.291,0.609,24.16,1.355,1.442,1.85,2.114,0.0,0.9,2.874,0.0,0.856,5.76,12.102,8.8,105.97,105.99,103.6,95.48333333333332,91.32,106.60333333333334,104.40666666666668,122.09,72095.42
209,26.887,6.24,3.436,1.055,1.65,1.827,1.715,0.291,0.609,24.49,1.395,1.463,1.85,2.086,0.0,0.905,2.892,0.0,0.828,5.76,12.39,8.8,106.57,106.1,102.8,93.93666666666668,93.35,106.26666666666668,103.62333333333332,109.57,66968.93
210,27.002,6.24,3.448,1.045,1.65,1.876,2.051,0.294,0.609,24.37,1.45,1.512,1.86,1.995,0.0,0.9,2.886,0.0,0.836,5.76,12.198,8.775,106.76,106.66,103.0,92.39,95.38,105.93,102.84,117.68,73374.08
211,27.002,6.24,3.448,1.045,1.6425,1.82,2.205,0.291,0.609,24.58,1.49,1.596,1.89,1.995,0.0,0.875,2.916,0.0,0.764,5.76,11.604,8.8,106.57,107.15,102.6,93.55666666666669,95.82666666666668,107.64333333333332,102.15333333333334,116.27,70486.1
212,27.048,6.16,3.448,1.05,1.6425,1.757,2.268,0.291,0.609,24.55,1.44,1.673,1.77,0.0,0.0,0.835,2.892,0.0,0.764,5.76,11.688,8.8,104.45,106.62,102.9,94.72333333333331,96.27333333333333,109.35666666666668,101.46666666666668,119.56,65034.8
213,27.163,6.16,3.44,1.05,1.6425,1.729,1.967,0.294,0.609,24.45,1.325,1.687,1.8,0.0,0.0,0.805,2.88,0.0,0.752,5.76,11.262,8.825,103.6,106.15,102.7,95.89,96.72,111.07,100.78,130.32,72086.95
214,27.186,6.16,3.444,1.05,1.6425,1.694,2.044,0.294,0.616,24.43,1.315,1.687,1.83,0.0,0.0,0.78,2.886,0.0,0.832,5.68,11.874,8.825,104.27,106.28,102.7,97.01666666666668,96.45,114.14333333333332,103.88,116.26,57312.74
215,27.14,6.16,3.444,1.045,1.65,1.673,2.156,0.294,0.609,24.52,1.305,1.568,1.82,0.0,0.0,0.775,2.874,0.0,1.032,5.76,11.994,8.825,104.64,106.87,103.0,98.14333333333332,96.18,117.21666666666668,106.98,121.01,68366.67
